,Date,Home,Away,OU,Spread,ML_Home,ML_Away,Points,Win_Margin
0,2017-10-17,Cleveland Cavaliers,Boston Celtics,214.5,4,-195,166,201,3
1,2017-10-17,Golden State Warriors,Houston Rockets,232,9,-470,364,243,-1
2,2017-10-18,Indiana Pacers,Brooklyn Nets,212,3.5,-155,135,271,9
3,2017-10-18,Washington Wizards,Philadelphia 76ers,215.5,6.5,-300,240,235,5
4,2017-10-18,Orlando Magic,Miami Heat,207,3,145,-170,225,7
5,2017-10-18,Detroit Pistons,Charlotte Bobcats,204,3,-145,125,192,12
6,2017-10-18,Boston Celtics,Milwaukee Bucks,208.5,6,-125,105,208,-8
7,2017-10-18,Memphis Grizzlies,New Orleans Pelicans,205,3,-130,110,194,12
8,2017-10-18,Dallas Mavericks,Atlanta Hawks,199.5,6.5,-240,190,228,-6
9,2017-10-18,Utah Jazz,Denver Nuggets,209,2,-140,120,202,10
10,2017-10-18,San Antonio Spurs,Minnesota Timberwolves,207,3,-125,105,206,8
11,2017-10-18,Sacramento Kings,Houston Rockets,218.5,9,250,-310,205,-5
12,2017-10-18,Phoenix Suns,Portland Trail Blazers,220,1,120,-140,200,-48
13,2017-10-19,Toronto Raptors,Chicago Bulls,206,12,-1400,800,218,16
14,2017-10-19,Oklahoma City Thunder,New York Knicks,213,11.5,-1000,650,189,21
15,2017-10-19,Los Angeles Lakers,Los Angeles Clippers,218.5,4.5,210,-260,200,-16
16,2017-10-20,Philadelphia 76ers,Boston Celtics,216.5,1,-150,130,194,-10
17,2017-10-20,Charlotte Bobcats,Atlanta Hawks,202.5,6,-190,160,200,18
18,2017-10-20,Washington Wizards,Detroit Pistons,210.5,6.5,-280,230,226,4
19,2017-10-20,Milwaukee Bucks,Cleveland Cavaliers,210,1.5,-115,-105,213,-19
20,2017-10-20,Indiana Pacers,Portland Trail Blazers,219,3.5,185,-230,210,-18
21,2017-10-20,Brooklyn Nets,Orlando Magic,220,1,-130,110,247,5
22,2017-10-20,Minnesota Timberwolves,Utah Jazz,200,5.5,-200,170,197,3
23,2017-10-20,Dallas Mavericks,Sacramento Kings,203,5.5,-250,200,181,-5
24,2017-10-20,New Orleans Pelicans,Golden State Warriors,222.5,6.5,360,-470,248,-8
25,2017-10-20,Phoenix Suns,Los Angeles Lakers,222,2.5,-160,140,262,-2
26,2017-10-21,Toronto Raptors,Philadelphia 76ers,216,7.5,-365,292,222,34
27,2017-10-21,Cleveland Cavaliers,Orlando Magic,212.5,11,-850,588,207,-21
28,2017-10-21,Houston Rockets,Dallas Mavericks,214.5,10.5,-850,588,198,16
29,2017-10-21,New York Knicks,Detroit Pistons,206.5,1.5,-105,-115,218,-4
30,2017-10-21,Miami Heat,Indiana Pacers,211,8.5,-425,334,220,4
31,2017-10-21,Chicago Bulls,San Antonio Spurs,202,7.5,447,-600,164,-10
32,2017-10-21,Memphis Grizzlies,Golden State Warriors,213,7.5,299,-375,212,10
33,2017-10-21,Milwaukee Bucks,Portland Trail Blazers,213.5,4.5,-150,130,223,3
34,2017-10-21,Denver Nuggets,Sacramento Kings,216,11,-850,588,175,17
35,2017-10-21,Utah Jazz,Oklahoma City Thunder,200.5,4,155,-180,183,9
36,2017-10-21,Los Angeles Clippers,Phoenix Suns,220,11.5,-1450,857,218,42
37,2017-10-22,Brooklyn Nets,Atlanta Hawks,219.5,2.5,-115,-105,220,12
38,2017-10-22,Oklahoma City Thunder,Minnesota Timberwolves,211.5,4.5,-180,150,228,-2
39,2017-10-22,Los Angeles Lakers,New Orleans Pelicans,217,4,175,-210,231,-7
40,2017-10-23,Detroit Pistons,Philadelphia 76ers,213,4,-160,140,183,-11
41,2017-10-23,Miami Heat,Atlanta Hawks,206,11.5,-700,500,197,11
42,2017-10-23,Houston Rockets,Memphis Grizzlies,210.5,8,-360,280,188,-8
43,2017-10-23,Milwaukee Bucks,Charlotte Bobcats,205,6,-260,210,197,9
44,2017-10-23,Dallas Mavericks,Golden State Warriors,214,10.5,800,-1400,236,-30
45,2017-10-23,San Antonio Spurs,Toronto Raptors,206,2.5,-145,125,198,4
46,2017-10-23,Denver Nuggets,Washington Wizards,223,2.5,-200,170,213,-5
47,2017-10-23,Phoenix Suns,Sacramento Kings,211,2,120,-140,232,2
48,2017-10-24,Orlando Magic,Brooklyn Nets,229,3.5,-200,170,246,4
49,2017-10-24,Cleveland Cavaliers,Chicago Bulls,207.5,14,-2500,1100,231,7
50,2017-10-24,Boston Celtics,New York Knicks,210,9,-300,240,199,21
51,2017-10-24,Minnesota Timberwolves,Indiana Pacers,217,11,-700,500,237,-23
52,2017-10-24,Portland Trail Blazers,New Orleans Pelicans,219,4.5,-200,170,196,10
53,2017-10-24,Los Angeles Clippers,Utah Jazz,200.5,3,-200,170,186,18
54,2017-10-25,Detroit Pistons,Minnesota Timberwolves,208,0,-140,120,223,21
55,2017-10-25,Philadelphia 76ers,Houston Rockets,223,3,140,-160,209,-1
56,2017-10-25,Charlotte Bobcats,Denver Nuggets,212,0,120,-140,203,17
57,2017-10-25,Brooklyn Nets,Cleveland Cavaliers,227,7,270,-340,219,5
58,2017-10-25,Miami Heat,San Antonio Spurs,195,3,130,-150,217,-17
59,2017-10-25,Oklahoma City Thunder,Indiana Pacers,218,14,-1000,650,210,18
60,2017-10-25,Dallas Mavericks,Memphis Grizzlies,196,4,140,-160,197,9
61,2017-10-25,Phoenix Suns,Utah Jazz,203,7,260,-330,185,9
62,2017-10-25,Los Angeles Lakers,Washington Wizards,230,5.5,180,-220,201,3
63,2017-10-25,Golden State Warriors,Toronto Raptors,224,11.5,-1100,700,229,5
64,2017-10-26,Memphis Grizzlies,Dallas Mavericks,196.5,9,-340,270,187,5
65,2017-10-26,Milwaukee Bucks,Boston Celtics,207,3.5,-190,160,185,-7
66,2017-10-26,Chicago Bulls,Atlanta Hawks,199.5,2.5,-130,110,177,5
67,2017-10-26,Portland Trail Blazers,Los Angeles Clippers,210.5,1,-140,120,207,-1
68,2017-10-26,Sacramento Kings,New Orleans Pelicans,204,1,-120,100,220,-8
69,2017-10-27,Orlando Magic,San Antonio Spurs,204.5,5.5,190,-240,201,27
70,2017-10-27,Charlotte Bobcats,Houston Rockets,213,3,120,-140,202,-16
71,2017-10-27,New York Knicks,Brooklyn Nets,219.5,1,-135,115,193,21
72,2017-10-27,Atlanta Hawks,Denver Nuggets,206,8.5,230,-280,205,-5
73,2017-10-27,Minnesota Timberwolves,Oklahoma City Thunder,214.5,2.5,105,-125,235,3
74,2017-10-27,Los Angeles Lakers,Toronto Raptors,224,6.5,190,-240,193,-9
75,2017-10-27,Golden State Warriors,Washington Wizards,231.5,10.5,-900,600,237,3
76,2017-10-28,New Orleans Pelicans,Cleveland Cavaliers,215,3.5,115,-135,224,22
77,2017-10-28,Memphis Grizzlies,Houston Rockets,206,1,-135,115,192,14
78,2017-10-28,Miami Heat,Boston Celtics,205,1.5,-105,-115,186,-6
79,2017-10-28,Chicago Bulls,Oklahoma City Thunder,204.5,8.5,300,-400,170,-32
80,2017-10-28,Dallas Mavericks,Philadelphia 76ers,208,1,-110,-110,222,-2
81,2017-10-28,Utah Jazz,Los Angeles Lakers,204.5,9,-600,425,177,15
82,2017-10-28,Portland Trail Blazers,Phoenix Suns,217,11,-900,600,221,7
83,2017-10-28,Los Angeles Clippers,Detroit Pistons,210,6,-380,290,182,-8
84,2017-10-29,Atlanta Hawks,Milwaukee Bucks,203,5.5,199,-240,223,-11
85,2017-10-29,Indiana Pacers,San Antonio Spurs,204,6.5,207,-250,191,3
86,2017-10-29,Charlotte Bobcats,Orlando Magic,210,4,-170,148,233,7
87,2017-10-29,Sacramento Kings,Washington Wizards,211,6,256,-315,193,-27
88,2017-10-29,Brooklyn Nets,Denver Nuggets,223.5,4.5,180,-215,235,-13
89,2017-10-29,Cleveland Cavaliers,New York Knicks,209,10,-606,451,209,-19
90,2017-10-29,Golden State Warriors,Detroit Pistons,222,13,-1600,912,222,-8
91,2017-10-30,Boston Celtics,San Antonio Spurs,196,3,-175,151,202,14
92,2017-10-30,New York Knicks,Denver Nuggets,207,3.5,166,-195,226,6
93,2017-10-30,Miami Heat,Minnesota Timberwolves,216.5,1.5,128,-149,247,-3
94,2017-10-30,Memphis Grizzlies,Charlotte Bobcats,192.5,7,-215,180,203,-5
95,2017-10-30,New Orleans Pelicans,Orlando Magic,224,7.5,-325,263,214,-16
96,2017-10-30,Houston Rockets,Philadelphia 76ers,218,6,-290,237,222,-8
97,2017-10-30,Utah Jazz,Dallas Mavericks,190,7.5,-365,292,193,15
98,2017-10-30,Portland Trail Blazers,Toronto Raptors,215.5,2,-174,150,184,-14
99,2017-10-30,Los Angeles Clippers,Golden State Warriors,221,3.5,226,-275,254,-28
100,2017-10-31,Indiana Pacers,Sacramento Kings,209,6,-250,207,184,18
101,2017-10-31,Brooklyn Nets,Phoenix Suns,231,3,-190,163,236,-8
102,2017-10-31,Milwaukee Bucks,Oklahoma City Thunder,210,1,120,-140,201,-19
103,2017-10-31,Los Angeles Lakers,Detroit Pistons,209,5,132,-152,206,20
104,2017-11-01,Washington Wizards,Phoenix Suns,225.5,14,-750,525,238,-6
105,2017-11-01,Charlotte Bobcats,Milwaukee Bucks,203,2,-170,145,247,5
106,2017-11-01,Philadelphia 76ers,Atlanta Hawks,210,8.5,-330,260,228,10
107,2017-11-01,Cleveland Cavaliers,Indiana Pacers,218.5,11,-550,400,231,-17
108,2017-11-01,Boston Celtics,Sacramento Kings,198,12.5,-900,600,199,27
109,2017-11-01,Miami Heat,Chicago Bulls,202,8,-500,375,188,6
110,2017-11-01,Memphis Grizzlies,Orlando Magic,205,4.5,-145,125,200,-2
111,2017-11-01,New York Knicks,Houston Rockets,212,4.5,200,-250,216,-22
112,2017-11-01,New Orleans Pelicans,Minnesota Timberwolves,224,1,-135,115,202,-6
113,2017-11-01,Denver Nuggets,Toronto Raptors,213.5,1,-125,105,240,18
114,2017-11-01,Utah Jazz,Portland Trail Blazers,197,3,-170,145,215,9
115,2017-11-01,Los Angeles Clippers,Dallas Mavericks,204.5,9,-600,425,217,21
116,2017-11-02,San Antonio Spurs,Golden State Warriors,219,6.5,275,-350,204,-20
117,2017-11-02,Portland Trail Blazers,Los Angeles Lakers,210.5,8.5,-240,190,223,3
118,2017-11-03,Washington Wizards,Cleveland Cavaliers,220,3.5,-155,135,252,-8
119,2017-11-03,Orlando Magic,Chicago Bulls,207,8,-350,275,188,-22
120,2017-11-03,Detroit Pistons,Milwaukee Bucks,205,3,-120,100,201,9
121,2017-11-03,Philadelphia 76ers,Indiana Pacers,220,5.5,-200,170,231,11
122,2017-11-03,Atlanta Hawks,Houston Rockets,211.5,8,320,-420,223,-15
123,2017-11-03,New York Knicks,Phoenix Suns,222.5,3.5,-190,160,227,13
124,2017-11-03,San Antonio Spurs,Charlotte Bobcats,198,3.5,-195,165,209,7
125,2017-11-03,Dallas Mavericks,New Orleans Pelicans,213,4.5,170,-200,193,-5
126,2017-11-03,Utah Jazz,Toronto Raptors,195,2,-130,110,209,-9
127,2017-11-03,Denver Nuggets,Miami Heat,214,5,-240,190,189,1
128,2017-11-03,Oklahoma City Thunder,Boston Celtics,205,5.5,-260,210,195,-7
129,2017-11-03,Los Angeles Lakers,Brooklyn Nets,224,2,-155,135,236,12
130,2017-11-04,Los Angeles Clippers,Memphis Grizzlies,199,5.5,-220,180,217,-9
131,2017-11-04,Detroit Pistons,Sacramento Kings,197,8.5,-425,325,207,9
132,2017-11-04,Chicago Bulls,New Orleans Pelicans,203,7,180,-220,186,-6
133,2017-11-04,Minnesota Timberwolves,Dallas Mavericks,215,12.5,-900,600,211,13
134,2017-11-04,Denver Nuggets,Golden State Warriors,229,7.5,330,-430,235,-19
135,2017-11-05,Cleveland Cavaliers,Atlanta Hawks,218,13.5,-1000,650,232,-2
136,2017-11-05,Los Angeles Clippers,Miami Heat,209.5,5.5,-240,190,205,-3
137,2017-11-05,Toronto Raptors,Washington Wizards,218,5,-270,220,203,-11
138,2017-11-05,Orlando Magic,Boston Celtics,205,3,135,-155,192,-16
139,2017-11-05,Houston Rockets,Utah Jazz,200,6.5,-250,200,247,27
140,2017-11-05,San Antonio Spurs,Phoenix Suns,214,10,-600,425,207,17
141,2017-11-05,New York Knicks,Indiana Pacers,216.5,2,-110,-110,209,7
142,2017-11-05,Minnesota Timberwolves,Charlotte Bobcats,216.5,5,-190,160,206,18
143,2017-11-05,Portland Trail Blazers,Oklahoma City Thunder,206.5,3,135,-155,202,4
144,2017-11-05,Los Angeles Lakers,Memphis Grizzlies,205.5,1.5,120,-140,209,5
145,2017-11-06,Atlanta Hawks,Boston Celtics,206,8.5,275,-350,217,-3
146,2017-11-06,Phoenix Suns,Brooklyn Nets,236,1,-110,-110,190,-6
147,2017-11-06,Golden State Warriors,Miami Heat,226,15.5,-1800,950,177,17
148,2017-11-07,Cleveland Cavaliers,Milwaukee Bucks,217.5,4,-220,180,243,5
149,2017-11-07,Washington Wizards,Dallas Mavericks,213.5,11,-600,425,212,-14
150,2017-11-07,Indiana Pacers,New Orleans Pelicans,218,0,100,-120,229,-5
151,2017-11-07,Toronto Raptors,Chicago Bulls,198.5,11.5,-850,575,233,5
152,2017-11-07,New York Knicks,Charlotte Bobcats,209.5,2,115,-135,231,5
153,2017-11-07,San Antonio Spurs,Los Angeles Clippers,201,3,-185,155,227,13
154,2017-11-07,Utah Jazz,Philadelphia 76ers,201.5,6,-265,215,201,-7
155,2017-11-07,Denver Nuggets,Brooklyn Nets,233,10.5,-1000,650,216,8
156,2017-11-07,Portland Trail Blazers,Memphis Grizzlies,204,2.5,-140,120,195,-1
157,2017-11-07,Sacramento Kings,Oklahoma City Thunder,203.5,11.5,500,-700,180,8
158,2017-11-08,Orlando Magic,New York Knicks,213.5,5.5,-400,300,211,13
159,2017-11-08,Detroit Pistons,Indiana Pacers,210.5,5.5,-275,225,211,17
160,2017-11-08,Boston Celtics,Los Angeles Lakers,208,9.5,-300,240,203,11
161,2017-11-08,Phoenix Suns,Miami Heat,215.5,5,190,-240,241,-11
162,2017-11-08,Golden State Warriors,Minnesota Timberwolves,230.5,11.5,-400,300,226,24
163,2017-11-09,Washington Wizards,Los Angeles Lakers,220,9,-550,400,206,16
164,2017-11-09,Toronto Raptors,New Orleans Pelicans,217.5,4.5,-220,180,240,4
165,2017-11-09,Houston Rockets,Cleveland Cavaliers,227.5,5,-230,185,230,4
166,2017-11-09,Sacramento Kings,Philadelphia 76ers,204.5,7,200,-250,217,1
167,2017-11-09,Denver Nuggets,Oklahoma City Thunder,213.5,1,115,-135,196,8
168,2017-11-10,Detroit Pistons,Atlanta Hawks,208,9,-330,260,215,7
169,2017-11-10,Boston Celtics,Charlotte Bobcats,205.5,3,-145,125,177,3
170,2017-11-10,Chicago Bulls,Indiana Pacers,206.5,4,135,-155,192,-18
171,2017-11-10,San Antonio Spurs,Milwaukee Bucks,206.5,4.5,-200,170,181,-7
172,2017-11-10,Phoenix Suns,Orlando Magic,226,3.5,145,-170,240,-16
173,2017-11-10,Utah Jazz,Miami Heat,196.5,3,-145,125,158,-10
174,2017-11-10,Oklahoma City Thunder,Los Angeles Clippers,209.5,7,-240,190,231,9
175,2017-11-10,Portland Trail Blazers,Brooklyn Nets,224,8.5,-430,330,198,-4
176,2017-11-11,Washington Wizards,Atlanta Hawks,222,11,-550,400,207,19
177,2017-11-11,New Orleans Pelicans,Los Angeles Clippers,213.5,5.5,-250,200,214,8
178,2017-11-11,Houston Rockets,Memphis Grizzlies,208,5,-280,230,207,15
179,2017-11-11,New York Knicks,Sacramento Kings,202,4.5,-265,215,209,27
180,2017-11-11,Dallas Mavericks,Cleveland Cavaliers,217.5,5.5,200,-250,215,-7
181,2017-11-11,Milwaukee Bucks,Los Angeles Lakers,214,5,-260,210,188,8
182,2017-11-11,Golden State Warriors,Philadelphia 76ers,230,14.5,-1400,800,249,21
183,2017-11-11,San Antonio Spurs,Chicago Bulls,192.5,11,-650,450,227,39
184,2017-11-11,Denver Nuggets,Orlando Magic,222,8,-410,310,232,18
185,2017-11-11,Utah Jazz,Brooklyn Nets,210,9,-300,240,220,8
186,2017-11-11,Phoenix Suns,Minnesota Timberwolves,227,10,400,-550,228,8
187,2017-11-12,Boston Celtics,Toronto Raptors,199.5,2,140,-160,189,1
188,2017-11-12,Detroit Pistons,Miami Heat,202.5,3,-135,115,215,9
189,2017-11-12,Indiana Pacers,Houston Rockets,220.5,2.5,150,-180,213,-23
190,2017-11-12,Oklahoma City Thunder,Dallas Mavericks,209,12,-650,450,211,13
191,2017-11-13,Washington Wizards,Sacramento Kings,207,11.5,-750,534,202,18
192,2017-11-13,New York Knicks,Cleveland Cavaliers,220.5,3.5,188,-225,205,-3
193,2017-11-13,Milwaukee Bucks,Memphis Grizzlies,200.5,3,-175,151,213,7
194,2017-11-13,New Orleans Pelicans,Atlanta Hawks,217,9.5,-500,384,211,1
195,2017-11-13,Utah Jazz,Minnesota Timberwolves,206.5,3.5,125,-145,207,-11
196,2017-11-13,Phoenix Suns,Los Angeles Lakers,227.5,1,-115,-105,193,-7
197,2017-11-13,Portland Trail Blazers,Denver Nuggets,211.5,2,-130,110,181,17
198,2017-11-13,Los Angeles Clippers,Philadelphia 76ers,218.5,2,-130,110,214,-4
199,2017-11-13,Golden State Warriors,Orlando Magic,233,14.5,-1100,711,210,10
200,2017-11-14,Brooklyn Nets,Boston Celtics,211.5,8,230,-280,211,-7
201,2017-11-14,Houston Rockets,Toronto Raptors,220.5,6,-280,230,242,-16
202,2017-11-14,Dallas Mavericks,San Antonio Spurs,200.5,6.5,210,-260,188,-6
203,2017-11-15,Miami Heat,Washington Wizards,209.5,1.5,-130,110,195,-9
204,2017-11-15,New York Knicks,Utah Jazz,202.5,3,-170,145,207,5
205,2017-11-15,Atlanta Hawks,Sacramento Kings,205,3.5,-200,170,206,46
206,2017-11-15,Minnesota Timberwolves,San Antonio Spurs,209.5,5,-210,175,184,12
207,2017-11-15,Charlotte Bobcats,Cleveland Cavaliers,217.5,1.5,-110,-110,222,-8
208,2017-11-15,New Orleans Pelicans,Toronto Raptors,217,3,-150,130,241,-9
209,2017-11-15,Oklahoma City Thunder,Chicago Bulls,202.5,12,-1200,750,171,13
210,2017-11-15,Memphis Grizzlies,Indiana Pacers,209,4.5,-150,130,229,-3
211,2017-11-15,Milwaukee Bucks,Detroit Pistons,208,3,-190,160,194,4
212,2017-11-15,Portland Trail Blazers,Orlando Magic,212,5.5,-220,180,193,5
213,2017-11-15,Los Angeles Lakers,Philadelphia 76ers,219.5,2.5,145,-170,224,-6
214,2017-11-16,Boston Celtics,Golden State Warriors,217.5,6,250,-310,180,4
215,2017-11-16,Phoenix Suns,Houston Rockets,228.5,11,650,-1000,258,-26
216,2017-11-17,Indiana Pacers,Detroit Pistons,211.5,1.5,-120,100,207,7
217,2017-11-17,Washington Wizards,Miami Heat,208.5,4.5,-190,160,179,-3
218,2017-11-17,Toronto Raptors,New York Knicks,218.5,7.5,-340,270,191,23
219,2017-11-17,Cleveland Cavaliers,Los Angeles Clippers,224,6.5,-260,210,231,5
220,2017-11-17,Brooklyn Nets,Utah Jazz,211.5,1.5,-135,115,225,11
221,2017-11-17,San Antonio Spurs,Oklahoma City Thunder,198.5,0,105,-125,205,3
222,2017-11-17,Chicago Bulls,Charlotte Bobcats,196.5,7,230,-280,243,3
223,2017-11-17,Dallas Mavericks,Minnesota Timberwolves,211,7.5,200,-250,198,-24
224,2017-11-17,Sacramento Kings,Portland Trail Blazers,197.5,7.5,235,-290,168,4
225,2017-11-17,Denver Nuggets,New Orleans Pelicans,216,3.5,-200,170,260,32
226,2017-11-17,Los Angeles Lakers,Phoenix Suns,225.5,6,-320,255,235,-9
227,2017-11-18,Charlotte Bobcats,Los Angeles Clippers,212,4,-195,170,189,15
228,2017-11-18,Orlando Magic,Utah Jazz,211.5,6,-260,220,210,-40
229,2017-11-18,Philadelphia 76ers,Golden State Warriors,232.5,8.5,330,-400,240,-8
230,2017-11-18,Atlanta Hawks,Boston Celtics,205,7,220,-260,209,-11
231,2017-11-18,Memphis Grizzlies,Houston Rockets,212,6,240,-285,188,-22
232,2017-11-18,Dallas Mavericks,Milwaukee Bucks,205,7.5,210,-250,190,32
233,2017-11-18,Portland Trail Blazers,Sacramento Kings,199,11.5,-800,600,192,12
234,2017-11-19,Miami Heat,Indiana Pacers,207,3,-240,190,215,-25
235,2017-11-19,Toronto Raptors,Washington Wizards,214,5.5,-260,210,191,9
236,2017-11-19,Brooklyn Nets,Golden State Warriors,234,12.5,550,-800,229,-7
237,2017-11-19,Minnesota Timberwolves,Detroit Pistons,208.5,5,-250,200,197,-3
238,2017-11-19,Phoenix Suns,Chicago Bulls,213.5,2.5,-145,125,218,8
239,2017-11-19,Los Angeles Lakers,Denver Nuggets,220,5,170,-200,236,18
240,2017-11-20,Philadelphia 76ers,Utah Jazz,213,7,-270,220,193,21
241,2017-11-20,Detroit Pistons,Cleveland Cavaliers,215.5,1.5,115,-135,204,-28
242,2017-11-20,Charlotte Bobcats,Minnesota Timberwolves,214,1.5,-140,120,220,16
243,2017-11-20,Orlando Magic,Indiana Pacers,222.5,3,-160,140,202,-8
244,2017-11-20,New York Knicks,Los Angeles Clippers,211,1.5,110,-130,192,22
245,2017-11-20,Memphis Grizzlies,Portland Trail Blazers,193,1,100,-120,192,-8
246,2017-11-20,Milwaukee Bucks,Washington Wizards,208.5,4,-160,140,187,-11
247,2017-11-20,New Orleans Pelicans,Oklahoma City Thunder,214.5,2.5,130,-150,221,7
248,2017-11-20,San Antonio Spurs,Atlanta Hawks,204.5,9,-450,350,181,11
249,2017-11-20,Dallas Mavericks,Boston Celtics,196.5,8,240,-300,212,-8
250,2017-11-20,Sacramento Kings,Denver Nuggets,208,7.5,190,-240,212,-16
251,2017-11-21,Los Angeles Lakers,Chicago Bulls,209,5.5,-230,185,197,9
252,2017-11-22,Charlotte Bobcats,Washington Wizards,210.5,1.5,-150,130,253,5
253,2017-11-22,Cleveland Cavaliers,Brooklyn Nets,229,11,-900,600,228,10
254,2017-11-22,Philadelphia 76ers,Portland Trail Blazers,211,3,-185,155,182,20
255,2017-11-22,Atlanta Hawks,Los Angeles Clippers,210.5,2.5,130,-150,219,-13
256,2017-11-22,New York Knicks,Toronto Raptors,213,3,150,-180,208,8
257,2017-11-22,Miami Heat,Boston Celtics,195,2.5,105,-125,202,6
258,2017-11-22,Minnesota Timberwolves,Orlando Magic,216.5,7,-280,230,242,6
259,2017-11-22,Oklahoma City Thunder,Golden State Warriors,225,4,190,-240,199,17
260,2017-11-22,Houston Rockets,Denver Nuggets,227.5,9.5,-450,350,220,30
261,2017-11-22,Memphis Grizzlies,Dallas Mavericks,196,5.5,-250,200,189,-1
262,2017-11-22,New Orleans Pelicans,San Antonio Spurs,208,2,-115,-105,197,17
263,2017-11-22,Utah Jazz,Chicago Bulls,196.5,8,-400,300,190,30
264,2017-11-22,Phoenix Suns,Milwaukee Bucks,221,6,110,-130,220,-6
265,2017-11-22,Sacramento Kings,Los Angeles Lakers,209,1,-115,-105,215,11
266,2017-11-24,Brooklyn Nets,Portland Trail Blazers,210,3.5,155,-180,252,-2
267,2017-11-24,Atlanta Hawks,New York Knicks,209.5,2,-115,-105,220,12
268,2017-11-24,Boston Celtics,Orlando Magic,208,8.5,-280,230,221,15
269,2017-11-24,Oklahoma City Thunder,Detroit Pistons,204,8,-396,314,197,-1
270,2017-11-24,Minnesota Timberwolves,Miami Heat,207.5,4,-155,135,206,-12
271,2017-11-24,Indiana Pacers,Toronto Raptors,216.5,0,105,-125,211,3
272,2017-11-24,Cleveland Cavaliers,Charlotte Bobcats,220.5,5.5,-230,192,199,1
273,2017-11-24,Denver Nuggets,Memphis Grizzlies,208.5,6,-250,207,196,12
274,2017-11-24,Phoenix Suns,New Orleans Pelicans,230,6,230,-280,206,-24
275,2017-11-24,Golden State Warriors,Chicago Bulls,215,19.5,-2200,1098,237,49
276,2017-11-25,Philadelphia 76ers,Orlando Magic,220,4,-220,180,241,19
277,2017-11-25,Charlotte Bobcats,San Antonio Spurs,202,1,-125,105,192,-20
278,2017-11-25,Washington Wizards,Portland Trail Blazers,201.5,3.5,-170,145,213,-3
279,2017-11-25,Atlanta Hawks,Toronto Raptors,211.5,7.5,210,-260,190,-34
280,2017-11-25,Indiana Pacers,Boston Celtics,207,2,140,-160,206,-10
281,2017-11-25,Houston Rockets,New York Knicks,219,13.5,-1400,750,219,15
282,2017-11-25,Golden State Warriors,New Orleans Pelicans,229.5,13,-700,500,205,15
283,2017-11-25,Dallas Mavericks,Oklahoma City Thunder,200,6,220,-270,178,16
284,2017-11-25,Utah Jazz,Milwaukee Bucks,199.5,1.5,-105,-115,229,13
285,2017-11-25,Sacramento Kings,Los Angeles Clippers,205,5,160,-190,192,-2
286,2017-11-26,Chicago Bulls,Miami Heat,195,7,250,-310,193,-7
287,2017-11-26,Minnesota Timberwolves,Phoenix Suns,227,11.5,-800,550,227,11
288,2017-11-26,Memphis Grizzlies,Brooklyn Nets,212,5.5,-240,190,186,-10
289,2017-11-27,Indiana Pacers,Orlando Magic,218.5,3.5,-185,160,230,12
290,2017-11-27,Philadelphia 76ers,Cleveland Cavaliers,225,0,-130,110,204,-22
291,2017-11-27,New York Knicks,Portland Trail Blazers,202,1,105,-125,194,-12
292,2017-11-27,Boston Celtics,Detroit Pistons,198.5,6.5,-240,199,226,-10
293,2017-11-27,Houston Rockets,Brooklyn Nets,228.5,16,-4000,1453,220,14
294,2017-11-27,San Antonio Spurs,Dallas Mavericks,194.5,8.5,-440,344,223,7
295,2017-11-27,Golden State Warriors,Sacramento Kings,211,16,-1100,711,216,-4
296,2017-11-27,Los Angeles Clippers,Los Angeles Lakers,215,4.5,-190,163,235,5
297,2017-11-28,Cleveland Cavaliers,Miami Heat,210,3.5,-185,155,205,11
298,2017-11-28,Minnesota Timberwolves,Washington Wizards,212.5,5.5,-220,180,181,-3
299,2017-11-28,Chicago Bulls,Phoenix Suns,213.5,0,-110,-110,203,-5
300,2017-11-28,Utah Jazz,Denver Nuggets,207.5,1,-105,-115,183,29
301,2017-11-28,Sacramento Kings,Milwaukee Bucks,198.5,7,220,-270,199,-25
302,2017-11-29,Philadelphia 76ers,Washington Wizards,213,5,-310,250,231,5
303,2017-11-29,Detroit Pistons,Phoenix Suns,218,12,-800,550,238,24
304,2017-11-29,Orlando Magic,Oklahoma City Thunder,211,5.5,210,-260,229,13
305,2017-11-29,Toronto Raptors,Charlotte Bobcats,204.5,8,-340,270,239,13
306,2017-11-29,New York Knicks,Miami Heat,201,0,-120,100,201,29
307,2017-11-29,Houston Rockets,Indiana Pacers,224.5,12,-700,500,215,21
308,2017-11-29,New Orleans Pelicans,Minnesota Timberwolves,218,3.5,-240,190,222,-18
309,2017-11-29,San Antonio Spurs,Memphis Grizzlies,195,7,-450,350,199,9
310,2017-11-29,Dallas Mavericks,Brooklyn Nets,213,4.5,-240,190,213,-5
311,2017-11-29,Los Angeles Lakers,Golden State Warriors,225,10,750,-1200,250,-4
312,2017-11-30,Boston Celtics,Philadelphia 76ers,210,9,-360,288,205,11
313,2017-11-30,Atlanta Hawks,Cleveland Cavaliers,215.5,7.5,267,-330,235,-7
314,2017-11-30,Denver Nuggets,Chicago Bulls,208.5,12,-625,462,221,1
315,2017-11-30,Portland Trail Blazers,Milwaukee Bucks,200.5,2,-175,151,194,-12
316,2017-11-30,Los Angeles Clippers,Utah Jazz,200,1,100,-120,233,-19
317,2017-12-01,Washington Wizards,Detroit Pistons,206,1,-110,-110,200,18
318,2017-12-01,Orlando Magic,Golden State Warriors,230,11,475,-675,245,-21
319,2017-12-01,Toronto Raptors,Indiana Pacers,215.5,6,-300,240,235,5
320,2017-12-01,Oklahoma City Thunder,Minnesota Timberwolves,211,4.5,-240,190,218,4
321,2017-12-01,Memphis Grizzlies,San Antonio Spurs,193.5,3.5,135,-155,174,-16
322,2017-12-01,Chicago Bulls,Sacramento Kings,193,1,-105,-115,213,-1
323,2017-12-01,Miami Heat,Charlotte Bobcats,201,2.5,-135,115,205,5
324,2017-12-01,Utah Jazz,New Orleans Pelicans,207.5,2.5,135,-155,222,6
325,2017-12-02,Boston Celtics,Phoenix Suns,215,13,-900,600,227,5
326,2017-12-02,Dallas Mavericks,Los Angeles Clippers,207,5,-190,160,190,26
327,2017-12-02,Brooklyn Nets,Atlanta Hawks,220,4,-210,175,216,-12
328,2017-12-02,Philadelphia 76ers,Detroit Pistons,214.5,4,-180,150,211,5
329,2017-12-02,Cleveland Cavaliers,Memphis Grizzlies,208,11.5,-800,550,227,5
330,2017-12-02,Milwaukee Bucks,Sacramento Kings,198,11,-1200,750,213,5
331,2017-12-02,Denver Nuggets,Los Angeles Lakers,223.5,6,-170,145,215,15
332,2017-12-02,Portland Trail Blazers,New Orleans Pelicans,209,3,-310,250,239,-7
333,2017-12-03,New York Knicks,Orlando Magic,212.5,2,120,-140,205,-5
334,2017-12-03,Miami Heat,Golden State Warriors,218.5,10.5,450,-650,218,-28
335,2017-12-03,Minnesota Timberwolves,Los Angeles Clippers,213.5,11,-900,600,218,6
336,2017-12-03,Oklahoma City Thunder,San Antonio Spurs,199.5,4.5,-400,300,177,3
337,2017-12-03,Los Angeles Lakers,Houston Rockets,225,11,600,-900,213,-23
338,2017-12-04,Indiana Pacers,New York Knicks,210,9.5,-700,500,212,18
339,2017-12-04,Charlotte Bobcats,Orlando Magic,221,7,-300,240,198,10
340,2017-12-04,Philadelphia 76ers,Phoenix Suns,227.5,10.5,-650,450,216,-14
341,2017-12-04,Boston Celtics,Milwaukee Bucks,204,6.5,-210,175,211,11
342,2017-12-04,Atlanta Hawks,Brooklyn Nets,217.5,2.5,-115,-105,200,-20
343,2017-12-04,Chicago Bulls,Cleveland Cavaliers,211.5,10,375,-500,204,-22
344,2017-12-04,Memphis Grizzlies,Minnesota Timberwolves,203.5,3,125,-145,187,3
345,2017-12-04,New Orleans Pelicans,Golden State Warriors,227,10,350,-450,240,-10
346,2017-12-04,Dallas Mavericks,Denver Nuggets,210,2.5,-130,110,227,17
347,2017-12-04,San Antonio Spurs,Detroit Pistons,198,3,-170,145,189,3
348,2017-12-04,Utah Jazz,Washington Wizards,200,1.5,-170,145,185,47
349,2017-12-05,Toronto Raptors,Phoenix Suns,224.5,13,-2000,1000,239,13
350,2017-12-05,Oklahoma City Thunder,Utah Jazz,198,7,-400,300,194,6
351,2017-12-05,Portland Trail Blazers,Washington Wizards,203,5.5,-260,210,198,-14
352,2017-12-06,Orlando Magic,Atlanta Hawks,216.5,6,-270,220,216,4
353,2017-12-06,Indiana Pacers,Chicago Bulls,210,9.5,-600,425,194,2
354,2017-12-06,Cleveland Cavaliers,Sacramento Kings,210.5,13,-1200,750,196,6
355,2017-12-06,New York Knicks,Memphis Grizzlies,197,2.5,-125,105,187,11
356,2017-12-06,Boston Celtics,Dallas Mavericks,204.5,8.5,-350,275,187,7
357,2017-12-06,New Orleans Pelicans,Denver Nuggets,218.5,4,-220,180,237,9
358,2017-12-06,Charlotte Bobcats,Golden State Warriors,219.5,5.5,142,-165,188,-14
359,2017-12-06,Milwaukee Bucks,Detroit Pistons,203.5,2.5,-185,155,204,4
360,2017-12-06,San Antonio Spurs,Miami Heat,197.5,7,-400,300,222,12
361,2017-12-06,Los Angeles Clippers,Minnesota Timberwolves,215,6,180,-220,220,-6
362,2017-12-07,Philadelphia 76ers,Los Angeles Lakers,221,8,-420,320,211,-3
363,2017-12-07,Phoenix Suns,Washington Wizards,215.5,7.5,220,-270,208,-10
364,2017-12-07,Brooklyn Nets,Oklahoma City Thunder,215,7.5,230,-280,195,5
365,2017-12-07,Utah Jazz,Houston Rockets,208,5,200,-250,213,-11
366,2017-12-08,Charlotte Bobcats,Chicago Bulls,202,11,-550,416,230,-8
367,2017-12-08,Indiana Pacers,Cleveland Cavaliers,220.5,2,148,-170,208,4
368,2017-12-08,Orlando Magic,Denver Nuggets,218,1,-125,105,192,-14
369,2017-12-08,Detroit Pistons,Golden State Warriors,212,5.5,199,-240,200,-4
370,2017-12-08,New Orleans Pelicans,Sacramento Kings,211,8,-515,394,225,-7
371,2017-12-08,Milwaukee Bucks,Dallas Mavericks,202,5,-280,230,211,7
372,2017-12-08,Memphis Grizzlies,Toronto Raptors,201,5,170,-200,223,-9
373,2017-12-08,San Antonio Spurs,Boston Celtics,197,1,-135,115,207,3
374,2017-12-09,Los Angeles Clippers,Washington Wizards,206,3,110,-130,225,1
375,2017-12-09,Brooklyn Nets,Miami Heat,212.5,2,115,-135,190,-12
376,2017-12-09,Charlotte Bobcats,Los Angeles Lakers,213.5,6.5,-160,140,209,-11
377,2017-12-09,Atlanta Hawks,Orlando Magic,211.5,1,-240,190,227,7
378,2017-12-09,Cleveland Cavaliers,Philadelphia 76ers,218,5,-240,190,203,7
379,2017-12-09,Chicago Bulls,New York Knicks,199,4,145,-170,206,2
380,2017-12-09,Milwaukee Bucks,Utah Jazz,199,3,-115,-105,217,17
381,2017-12-09,Phoenix Suns,San Antonio Spurs,205,9.5,185,-230,205,-3
382,2017-12-09,Memphis Grizzlies,Oklahoma City Thunder,196.5,5,180,-220,203,-1
383,2017-12-09,Portland Trail Blazers,Houston Rockets,211,8,320,-420,241,-7
384,2017-12-10,Sacramento Kings,Toronto Raptors,206,7.5,325,-425,189,-15
385,2017-12-10,Detroit Pistons,Boston Celtics,201,1,100,-120,172,-10
386,2017-12-10,Indiana Pacers,Denver Nuggets,219,6.5,-210,175,242,10
387,2017-12-10,Minnesota Timberwolves,Dallas Mavericks,207,8,-350,275,189,5
388,2017-12-10,New Orleans Pelicans,Philadelphia 76ers,223.5,4.5,-275,225,255,7
389,2017-12-10,New York Knicks,Atlanta Hawks,205,6,-220,180,218,4
390,2017-12-11,Chicago Bulls,Boston Celtics,200.5,8,190,-240,193,23
391,2017-12-11,Memphis Grizzlies,Miami Heat,195,1.5,-125,105,189,-25
392,2017-12-11,Houston Rockets,New Orleans Pelicans,226.5,12,-1400,800,253,7
393,2017-12-11,Oklahoma City Thunder,Charlotte Bobcats,206,6,-350,275,219,-13
394,2017-12-11,Golden State Warriors,Portland Trail Blazers,213,11.5,-400,300,215,7
395,2017-12-11,Los Angeles Clippers,Toronto Raptors,216,6,200,-250,187,5
396,2017-12-12,Cleveland Cavaliers,Atlanta Hawks,219.5,11,-950,639,237,9
397,2017-12-12,Detroit Pistons,Denver Nuggets,208.5,7,-275,226,187,-19
398,2017-12-12,New York Knicks,Los Angeles Lakers,211,2.5,-145,125,222,4
399,2017-12-12,Brooklyn Nets,Washington Wizards,213,2.5,135,-155,201,5
400,2017-12-12,Minnesota Timberwolves,Philadelphia 76ers,216.5,6.5,-195,166,230,-6
401,2017-12-12,Dallas Mavericks,San Antonio Spurs,198,5.5,211,-255,184,6
402,2017-12-12,Sacramento Kings,Phoenix Suns,209,4,-201,171,191,7
403,2017-12-13,Orlando Magic,Los Angeles Clippers,212.5,2,100,-120,201,-11
404,2017-12-13,Washington Wizards,Memphis Grizzlies,199.5,7,-325,263,180,6
405,2017-12-13,Indiana Pacers,Oklahoma City Thunder,213,1.5,-105,-115,195,-5
406,2017-12-13,Boston Celtics,Denver Nuggets,209,8,-240,199,242,6
407,2017-12-13,Miami Heat,Portland Trail Blazers,201,2.5,-135,115,197,-7
408,2017-12-13,Chicago Bulls,Utah Jazz,197,3.5,180,-215,203,3
409,2017-12-13,New Orleans Pelicans,Milwaukee Bucks,218.5,2,-130,110,223,7
410,2017-12-13,Phoenix Suns,Toronto Raptors,216.5,10.5,588,-850,224,-6
411,2017-12-13,Houston Rockets,Charlotte Bobcats,220,12.5,-910,619,204,12
412,2017-12-14,Atlanta Hawks,Detroit Pistons,207,4,150,-180,196,-14
413,2017-12-14,Brooklyn Nets,New York Knicks,214,0,-125,105,215,-7
414,2017-12-14,Cleveland Cavaliers,Los Angeles Lakers,219,10,-650,450,233,9
415,2017-12-14,Minnesota Timberwolves,Sacramento Kings,204,10,-700,500,215,23
416,2017-12-14,Golden State Warriors,Dallas Mavericks,212.5,12,-650,450,209,15
417,2017-12-15,Indiana Pacers,Detroit Pistons,209,4.5,-230,185,202,-6
418,2017-12-15,Charlotte Bobcats,Miami Heat,204.5,5.5,-210,175,202,-6
419,2017-12-15,Washington Wizards,Los Angeles Clippers,208.5,9.5,-600,425,191,9
420,2017-12-15,Orlando Magic,Portland Trail Blazers,210,3,155,-185,183,-7
421,2017-12-15,Philadelphia 76ers,Oklahoma City Thunder,212,2,-125,105,236,-2
422,2017-12-15,Boston Celtics,Utah Jazz,198,5.5,-200,170,202,-12
423,2017-12-15,Toronto Raptors,Brooklyn Nets,218,11,-1100,700,207,33
424,2017-12-15,Milwaukee Bucks,Chicago Bulls,204,8,-400,300,224,-6
425,2017-12-15,Memphis Grizzlies,Atlanta Hawks,200,6,-270,220,190,2
426,2017-12-15,Denver Nuggets,New Orleans Pelicans,227,0,-120,100,228,6
427,2017-12-15,Houston Rockets,San Antonio Spurs,213.5,8,-390,295,233,15
428,2017-12-16,Charlotte Bobcats,Portland Trail Blazers,204.5,3,-170,145,184,-2
429,2017-12-16,Cleveland Cavaliers,Utah Jazz,210,8.5,-550,400,209,9
430,2017-12-16,New York Knicks,Oklahoma City Thunder,203.5,2.5,160,-190,207,15
431,2017-12-16,Miami Heat,Los Angeles Clippers,205.5,6,-270,220,175,5
432,2017-12-16,Minnesota Timberwolves,Phoenix Suns,219.5,11.5,-900,600,214,-2
433,2017-12-16,Houston Rockets,Milwaukee Bucks,219.5,11.5,-650,450,226,4
434,2017-12-16,San Antonio Spurs,Dallas Mavericks,197,9.5,-250,200,194,2
435,2017-12-16,Memphis Grizzlies,Boston Celtics,194.5,5,190,-240,195,-9
436,2017-12-17,Toronto Raptors,Sacramento Kings,206,12.5,-900,600,201,15
437,2017-12-17,Detroit Pistons,Orlando Magic,200,11,-420,320,224,4
438,2017-12-17,Brooklyn Nets,Indiana Pacers,217,3,142,-165,206,-12
439,2017-12-17,Washington Wizards,Cleveland Cavaliers,213,1.5,-130,110,205,-7
440,2017-12-18,Charlotte Bobcats,New York Knicks,202.5,6,-330,260,200,18
441,2017-12-18,Indiana Pacers,Boston Celtics,206.5,1.5,120,-140,223,-1
442,2017-12-18,Atlanta Hawks,Miami Heat,202.5,2.5,-125,105,214,6
443,2017-12-18,Chicago Bulls,Philadelphia 76ers,209.5,1.5,110,-130,232,2
444,2017-12-18,Oklahoma City Thunder,Denver Nuggets,210,4,-200,170,189,1
445,2017-12-18,Houston Rockets,Utah Jazz,213.5,12,-1000,650,219,21
446,2017-12-18,Minnesota Timberwolves,Portland Trail Blazers,204,3,-180,150,215,1
447,2017-12-18,Dallas Mavericks,Phoenix Suns,208,6,-300,240,188,-6
448,2017-12-18,San Antonio Spurs,Los Angeles Clippers,203,11.5,-900,600,200,18
449,2017-12-18,Los Angeles Lakers,Golden State Warriors,219,6.5,185,-230,230,-2
450,2017-12-19,Washington Wizards,New Orleans Pelicans,218,3,-130,110,222,10
451,2017-12-19,Philadelphia 76ers,Sacramento Kings,207,9,-410,310,196,-6
452,2017-12-19,Milwaukee Bucks,Cleveland Cavaliers,217,1,-105,-115,235,3
453,2017-12-20,Charlotte Bobcats,Toronto Raptors,210.5,1,115,-135,240,-18
454,2017-12-20,Brooklyn Nets,Sacramento Kings,207,4.5,-240,190,203,-5
455,2017-12-20,Atlanta Hawks,Indiana Pacers,213.5,4.5,170,-200,200,-10
456,2017-12-20,Boston Celtics,Miami Heat,201,8,-450,350,179,-1
457,2017-12-20,Oklahoma City Thunder,Utah Jazz,199.5,7.5,-370,285,186,28
458,2017-12-20,Houston Rockets,Los Angeles Lakers,223.5,14,-2000,1000,238,-6
459,2017-12-20,Chicago Bulls,Orlando Magic,210,5,-220,180,206,18
460,2017-12-20,Dallas Mavericks,Detroit Pistons,196,2,-125,105,203,17
461,2017-12-20,Denver Nuggets,Minnesota Timberwolves,215,2,-110,-110,216,-8
462,2017-12-20,Portland Trail Blazers,San Antonio Spurs,198,0,-150,130,184,-2
463,2017-12-20,Golden State Warriors,Memphis Grizzlies,207,10.5,-600,425,181,13
464,2017-12-20,Los Angeles Clippers,Phoenix Suns,211,4,-240,190,203,13
465,2017-12-21,Philadelphia 76ers,Toronto Raptors,216,2,150,-180,223,-5
466,2017-12-21,Cleveland Cavaliers,Chicago Bulls,213,11.5,-800,550,227,3
467,2017-12-21,New York Knicks,Boston Celtics,201,2.5,130,-150,195,9
468,2017-12-21,Phoenix Suns,Memphis Grizzlies,204,0,140,-160,192,2
469,2017-12-21,Utah Jazz,San Antonio Spurs,198,3.5,115,-135,189,11
470,2017-12-22,Detroit Pistons,New York Knicks,201,6,-280,230,205,3
471,2017-12-22,Orlando Magic,New Orleans Pelicans,220,3.5,200,-250,208,-14
472,2017-12-22,Brooklyn Nets,Washington Wizards,211,5,220,-270,203,35
473,2017-12-22,Miami Heat,Dallas Mavericks,195.5,0,105,-125,214,12
474,2017-12-22,Oklahoma City Thunder,Atlanta Hawks,205,10.5,-700,500,237,3
475,2017-12-22,Houston Rockets,Los Angeles Clippers,218,11.5,-900,600,246,-10
476,2017-12-22,Milwaukee Bucks,Charlotte Bobcats,210,4.5,-210,175,213,5
477,2017-12-22,Portland Trail Blazers,Denver Nuggets,202.5,1,110,-130,187,-17
478,2017-12-22,Golden State Warriors,Los Angeles Lakers,216.5,10,-900,600,219,7
479,2017-12-23,Toronto Raptors,Philadelphia 76ers,219,8.5,-320,255,188,16
480,2017-12-23,Washington Wizards,Orlando Magic,208.5,11.5,-1000,650,233,27
481,2017-12-23,Indiana Pacers,Brooklyn Nets,215,10,-550,400,242,4
482,2017-12-23,Charlotte Bobcats,Milwaukee Bucks,210.5,1,-180,150,217,5
483,2017-12-23,Boston Celtics,Chicago Bulls,207,6.5,-360,280,209,25
484,2017-12-23,Atlanta Hawks,Dallas Mavericks,203,2.5,105,-125,219,5
485,2017-12-23,Miami Heat,New Orleans Pelicans,209.5,5.5,130,-150,203,-15
486,2017-12-23,Memphis Grizzlies,Los Angeles Clippers,196.5,4,-145,125,227,3
487,2017-12-23,Utah Jazz,Oklahoma City Thunder,197,0,-125,105,192,-14
488,2017-12-23,Golden State Warriors,Denver Nuggets,219.5,10,-400,300,177,-15
489,2017-12-23,Phoenix Suns,Minnesota Timberwolves,215,8,280,-360,221,-9
490,2017-12-23,Los Angeles Lakers,Portland Trail Blazers,202.5,2,-160,140,187,-3
491,2017-12-23,Sacramento Kings,San Antonio Spurs,195,8.5,210,-260,207,-9
492,2017-12-25,New York Knicks,Philadelphia 76ers,212,1.5,100,-120,203,-7
493,2017-12-25,Golden State Warriors,Cleveland Cavaliers,221,5,-180,150,191,7
494,2017-12-25,Boston Celtics,Washington Wizards,204.5,4.5,-180,150,214,-8
495,2017-12-25,Oklahoma City Thunder,Houston Rockets,216.5,3.5,-140,120,219,5
496,2017-12-25,Los Angeles Lakers,Minnesota Timberwolves,214.5,4.5,200,-250,225,-17
497,2017-12-26,Dallas Mavericks,Toronto Raptors,207,5.5,200,-250,191,5
498,2017-12-26,Detroit Pistons,Indiana Pacers,208.5,2,-130,110,190,24
499,2017-12-26,Miami Heat,Orlando Magic,208,3,-400,300,196,18
500,2017-12-26,Milwaukee Bucks,Chicago Bulls,211,6.5,-310,250,221,-9
501,2017-12-26,San Antonio Spurs,Brooklyn Nets,208.5,12,-850,575,206,12
502,2017-12-26,Denver Nuggets,Utah Jazz,205.5,6,-260,210,190,24
503,2017-12-26,Phoenix Suns,Memphis Grizzlies,206,0,100,-120,196,2
504,2017-12-26,Los Angeles Clippers,Sacramento Kings,204.5,5,-240,190,217,27
505,2017-12-27,Charlotte Bobcats,Boston Celtics,206,1,-109,-111,193,-11
506,2017-12-27,Indiana Pacers,Dallas Mavericks,206.5,5.5,-165,144,192,-4
507,2017-12-27,Atlanta Hawks,Washington Wizards,211.5,6,180,-215,212,14
508,2017-12-27,New Orleans Pelicans,Brooklyn Nets,220.5,10,-450,351,241,15
509,2017-12-27,Chicago Bulls,New York Knicks,207,0,-125,105,179,5
510,2017-12-27,Oklahoma City Thunder,Toronto Raptors,211,2.5,-170,148,231,17
511,2017-12-27,Minnesota Timberwolves,Denver Nuggets,214.5,5,-185,160,253,3
512,2017-12-27,Sacramento Kings,Cleveland Cavaliers,207.5,10,400,-525,204,14
513,2017-12-27,Los Angeles Lakers,Memphis Grizzlies,198.5,1.5,-160,140,208,-10
514,2017-12-27,Golden State Warriors,Utah Jazz,205.5,12,-750,534,227,25
515,2017-12-28,Orlando Magic,Detroit Pistons,201.5,5.5,150,-180,191,13
516,2017-12-28,Boston Celtics,Houston Rockets,215.5,2,100,-120,197,1
517,2017-12-28,Milwaukee Bucks,Minnesota Timberwolves,214,2.5,-190,160,198,6
518,2017-12-28,San Antonio Spurs,New York Knicks,201,10.5,-650,450,226,12
519,2017-12-28,Portland Trail Blazers,Philadelphia 76ers,208,2.5,125,-145,224,4
520,2017-12-29,Washington Wizards,Houston Rockets,220.5,1,105,-125,224,18
521,2017-12-29,Toronto Raptors,Atlanta Hawks,215,11,-700,500,209,13
522,2017-12-29,Chicago Bulls,Indiana Pacers,209,3,-155,135,226,12
523,2017-12-29,Oklahoma City Thunder,Milwaukee Bucks,210.5,8,-270,220,192,-2
524,2017-12-29,New Orleans Pelicans,Dallas Mavericks,211,6,-290,235,248,-8
525,2017-12-29,Miami Heat,Brooklyn Nets,206,7,-250,200,198,-24
526,2017-12-29,Sacramento Kings,Phoenix Suns,209,1,-140,120,212,-10
527,2017-12-29,Los Angeles Lakers,Los Angeles Clippers,214.5,3,135,-155,227,-15
528,2017-12-29,Golden State Warriors,Charlotte Bobcats,212.5,11,-650,450,211,-11
529,2017-12-30,New Orleans Pelicans,New York Knicks,215,5.5,-220,180,208,-2
530,2017-12-30,Orlando Magic,Miami Heat,205,1,105,-125,228,-6
531,2017-12-30,Detroit Pistons,San Antonio Spurs,195.5,4,160,-190,172,14
532,2017-12-30,Atlanta Hawks,Portland Trail Blazers,206.5,3.5,115,-135,193,15
533,2017-12-30,Utah Jazz,Cleveland Cavaliers,207.5,3.5,135,-155,205,3
534,2017-12-30,Golden State Warriors,Memphis Grizzlies,205.5,13.5,-1600,900,269,13
535,2017-12-30,Denver Nuggets,Philadelphia 76ers,216,5,-300,240,209,-5
536,2017-12-31,Washington Wizards,Chicago Bulls,212,6.5,-360,280,224,4
537,2017-12-31,Indiana Pacers,Minnesota Timberwolves,209.5,2.5,130,-150,197,-17
538,2017-12-31,Boston Celtics,Brooklyn Nets,210,10.5,-500,375,213,3
539,2017-12-31,Oklahoma City Thunder,Dallas Mavericks,202,6,-360,280,229,-3
540,2017-12-31,Sacramento Kings,Memphis Grizzlies,194,2.5,-130,110,210,-18
541,2017-12-31,Houston Rockets,Los Angeles Lakers,227.5,14.5,-2000,1000,290,6
542,2017-12-31,Los Angeles Clippers,Charlotte Bobcats,213,1,-135,115,204,8
543,2017-12-31,Phoenix Suns,Philadelphia 76ers,220,3,140,-160,233,-13
544,2018-01-01,Brooklyn Nets,Orlando Magic,217,2,-125,105,193,3
545,2018-01-01,Toronto Raptors,Milwaukee Bucks,214,6.5,-250,200,258,4
546,2018-01-01,Minnesota Timberwolves,Los Angeles Lakers,218,10,-600,425,210,18
547,2018-01-01,Chicago Bulls,Portland Trail Blazers,207.5,1,-150,130,244,-4
548,2018-01-02,Cleveland Cavaliers,Portland Trail Blazers,210.5,8,-500,375,237,17
549,2018-01-02,New York Knicks,San Antonio Spurs,198.5,4,180,-220,191,-9
550,2018-01-02,Phoenix Suns,Atlanta Hawks,218.5,0,-115,-105,207,1
551,2018-01-02,Sacramento Kings,Charlotte Bobcats,205,3.5,150,-180,242,-20
552,2018-01-02,Los Angeles Clippers,Memphis Grizzlies,204,5,-260,210,218,8
553,2018-01-03,Washington Wizards,New York Knicks,209.5,7.5,-450,350,224,18
554,2018-01-03,Philadelphia 76ers,San Antonio Spurs,204,1,-190,160,218,6
555,2018-01-03,Orlando Magic,Houston Rockets,220,8,260,-330,214,-18
556,2018-01-03,Brooklyn Nets,Minnesota Timberwolves,214.5,5.5,210,-260,195,1
557,2018-01-03,Miami Heat,Detroit Pistons,194.5,3,-195,165,215,7
558,2018-01-03,Milwaukee Bucks,Indiana Pacers,208,7.5,-330,260,223,21
559,2018-01-03,Chicago Bulls,Toronto Raptors,217,3.5,160,-190,239,-9
560,2018-01-03,Boston Celtics,Cleveland Cavaliers,213,2.5,-150,130,190,14
561,2018-01-03,Dallas Mavericks,Golden State Warriors,215,8,280,-360,247,-3
562,2018-01-03,Denver Nuggets,Phoenix Suns,218,11,-900,600,245,23
563,2018-01-03,Utah Jazz,New Orleans Pelicans,208.5,1,-115,-105,206,-10
564,2018-01-03,Los Angeles Lakers,Oklahoma City Thunder,213,6,200,-250,229,-37
565,2018-01-04,Houston Rockets,Golden State Warriors,226,3.5,160,-190,238,-10
566,2018-01-04,Los Angeles Clippers,Oklahoma City Thunder,213,1,100,-120,244,-10
567,2018-01-05,Miami Heat,New York Knicks,200.5,5,-265,215,210,4
568,2018-01-05,Philadelphia 76ers,Detroit Pistons,209,6,-220,180,192,36
569,2018-01-05,Boston Celtics,Minnesota Timberwolves,205,4,-160,140,175,7
570,2018-01-05,Milwaukee Bucks,Toronto Raptors,215.5,1,-110,-110,239,-19
571,2018-01-05,Dallas Mavericks,Chicago Bulls,214,4,-180,150,251,-3
572,2018-01-05,San Antonio Spurs,Phoenix Suns,211.5,12.5,-900,600,192,14
573,2018-01-05,Denver Nuggets,Utah Jazz,205,6.5,-275,225,190,8
574,2018-01-05,Memphis Grizzlies,Washington Wizards,206.5,4.5,160,-190,202,-2
575,2018-01-05,Portland Trail Blazers,Atlanta Hawks,208,7,-340,270,199,21
576,2018-01-05,Los Angeles Lakers,Charlotte Bobcats,215.5,2,120,-140,202,-14
577,2018-01-06,Los Angeles Clippers,Golden State Warriors,226,7,300,-400,226,-16
578,2018-01-06,Brooklyn Nets,Boston Celtics,208,4.5,130,-150,172,-2
579,2018-01-06,Indiana Pacers,Chicago Bulls,214.5,4.5,-260,210,211,39
580,2018-01-06,Orlando Magic,Cleveland Cavaliers,221,8.5,350,-450,258,-4
581,2018-01-06,Detroit Pistons,Houston Rockets,213,4,200,-250,209,7
582,2018-01-06,Washington Wizards,Milwaukee Bucks,214.5,4.5,-160,140,213,-7
583,2018-01-06,Minnesota Timberwolves,New Orleans Pelicans,218,2,-120,100,214,18
584,2018-01-06,Sacramento Kings,Denver Nuggets,207,5,275,-350,204,8
585,2018-01-07,Miami Heat,Utah Jazz,197,4.5,-160,140,205,1
586,2018-01-07,Dallas Mavericks,New York Knicks,207,4,-220,180,196,-4
587,2018-01-07,Phoenix Suns,Oklahoma City Thunder,219,9.5,325,-425,214,14
588,2018-01-07,Portland Trail Blazers,San Antonio Spurs,198,2,-120,100,221,1
589,2018-01-07,Los Angeles Lakers,Atlanta Hawks,216.5,3.5,-170,145,245,19
590,2018-01-08,Indiana Pacers,Milwaukee Bucks,214,1.5,-120,100,205,13
591,2018-01-08,Brooklyn Nets,Toronto Raptors,217,7.5,252,-310,227,-1
592,2018-01-08,Minnesota Timberwolves,Cleveland Cavaliers,219,1,-105,-115,226,28
593,2018-01-08,Chicago Bulls,Houston Rockets,222,5,195,-235,223,-9
594,2018-01-08,New Orleans Pelicans,Detroit Pistons,213,7,-260,215,221,3
595,2018-01-08,Sacramento Kings,San Antonio Spurs,198.5,6,180,-215,207,-7
596,2018-01-08,Los Angeles Clippers,Atlanta Hawks,212.5,4,-185,160,215,1
597,2018-01-08,Golden State Warriors,Denver Nuggets,225,10,-600,447,238,10
598,2018-01-09,Toronto Raptors,Miami Heat,208,7,-180,150,179,-1
599,2018-01-09,Oklahoma City Thunder,Portland Trail Blazers,204.5,8.5,-400,300,223,-11
600,2018-01-09,Dallas Mavericks,Orlando Magic,212.5,6,-340,270,213,15
601,2018-01-09,Los Angeles Lakers,Sacramento Kings,212.5,6.5,-380,290,185,13
602,2018-01-10,Indiana Pacers,Miami Heat,207,4.5,-180,150,220,-8
603,2018-01-10,Washington Wizards,Utah Jazz,204.5,7.5,-360,280,211,-3
604,2018-01-10,Charlotte Bobcats,Dallas Mavericks,208,5,-290,235,226,-4
605,2018-01-10,Brooklyn Nets,Detroit Pistons,204,1.5,110,-130,194,-34
606,2018-01-10,New York Knicks,Chicago Bulls,208,4,-210,175,241,-3
607,2018-01-10,Milwaukee Bucks,Orlando Magic,217.5,9.5,-700,500,213,7
608,2018-01-10,Memphis Grizzlies,New Orleans Pelicans,209,1,-115,-105,207,3
609,2018-01-10,Houston Rockets,Portland Trail Blazers,214,9,-300,240,233,9
610,2018-01-10,Minnesota Timberwolves,Oklahoma City Thunder,209.5,3.5,-180,150,192,16
611,2018-01-10,Denver Nuggets,Atlanta Hawks,215.5,9.5,-500,375,207,-13
612,2018-01-10,Golden State Warriors,Los Angeles Clippers,227,16.5,-900,600,231,-19
613,2018-01-11,Toronto Raptors,Cleveland Cavaliers,218.5,2.5,130,-150,232,34
614,2018-01-11,Sacramento Kings,Los Angeles Clippers,209,2,145,-170,236,-6
615,2018-01-11,Los Angeles Lakers,San Antonio Spurs,209.5,2.5,115,-135,174,12
616,2018-01-11,Philadelphia 76ers,Boston Celtics,205.5,1.5,110,-130,217,-11
617,2018-01-12,Indiana Pacers,Cleveland Cavaliers,223,1,105,-125,192,2
618,2018-01-12,Charlotte Bobcats,Utah Jazz,207.5,4,-200,170,187,11
619,2018-01-12,Washington Wizards,Orlando Magic,217,10,-800,550,244,6
620,2018-01-12,Atlanta Hawks,Brooklyn Nets,211,2.5,-150,130,215,-5
621,2018-01-12,Minnesota Timberwolves,New York Knicks,209,9,-450,350,226,10
622,2018-01-12,New Orleans Pelicans,Portland Trail Blazers,218,2,-185,155,232,6
623,2018-01-12,Milwaukee Bucks,Golden State Warriors,222,5,170,-200,202,-14
624,2018-01-12,Denver Nuggets,Memphis Grizzlies,208.5,7.5,-280,230,165,9
625,2018-01-12,Phoenix Suns,Houston Rockets,227.5,7.5,275,-350,207,-17
626,2018-01-13,Dallas Mavericks,Los Angeles Lakers,215.5,4,-200,170,208,-6
627,2018-01-13,Los Angeles Clippers,Sacramento Kings,215.5,7.5,-310,250,231,21
628,2018-01-13,Charlotte Bobcats,Oklahoma City Thunder,211.5,2,110,-130,192,-10
629,2018-01-13,Washington Wizards,Brooklyn Nets,215,9.5,-470,360,232,6
630,2018-01-13,Toronto Raptors,Golden State Warriors,224.5,3.5,175,-210,252,-2
631,2018-01-13,Chicago Bulls,Detroit Pistons,207,1,100,-120,212,2
632,2018-01-13,San Antonio Spurs,Denver Nuggets,206.5,7.5,-330,260,192,32
633,2018-01-14,Miami Heat,Milwaukee Bucks,205,2.5,-125,105,176,18
634,2018-01-14,New York Knicks,New Orleans Pelicans,217,1,115,-135,241,-5
635,2018-01-14,Phoenix Suns,Indiana Pacers,218,5,145,-170,217,-23
636,2018-01-14,Minnesota Timberwolves,Portland Trail Blazers,212.5,5.5,-250,200,223,17
637,2018-01-15,Detroit Pistons,Charlotte Bobcats,203.5,3,-150,130,225,-11
638,2018-01-15,Philadelphia 76ers,Toronto Raptors,218,0,110,-130,228,6
639,2018-01-15,Washington Wizards,Milwaukee Bucks,214,5.5,-220,180,199,-9
640,2018-01-15,Atlanta Hawks,San Antonio Spurs,205.5,8.5,190,-240,201,3
641,2018-01-15,Brooklyn Nets,New York Knicks,208.5,0,-160,140,223,-15
642,2018-01-15,Chicago Bulls,Miami Heat,206.5,1.5,-120,100,230,8
643,2018-01-15,Memphis Grizzlies,Los Angeles Lakers,203,2,-180,150,237,9
644,2018-01-15,Cleveland Cavaliers,Golden State Warriors,230,4,190,-240,226,-10
645,2018-01-15,Oklahoma City Thunder,Sacramento Kings,209.5,12,-1100,700,183,7
646,2018-01-15,Utah Jazz,Indiana Pacers,205.5,4,-200,170,203,-15
647,2018-01-15,Los Angeles Clippers,Houston Rockets,229.5,2.5,170,-200,215,11
648,2018-01-16,Orlando Magic,Minnesota Timberwolves,216,7,300,-400,210,6
649,2018-01-16,Boston Celtics,New Orleans Pelicans,213,4.5,-220,180,229,-3
650,2018-01-16,Denver Nuggets,Dallas Mavericks,212,5.5,-280,230,207,3
651,2018-01-16,Portland Trail Blazers,Phoenix Suns,219,10.5,-650,450,229,7
652,2018-01-17,Charlotte Bobcats,Washington Wizards,211.5,1,-125,105,242,24
653,2018-01-17,Toronto Raptors,Detroit Pistons,214,8.5,-450,350,187,5
654,2018-01-17,Brooklyn Nets,San Antonio Spurs,205,7.5,180,-220,195,-5
655,2018-01-17,Atlanta Hawks,New Orleans Pelicans,220,3.5,120,-140,187,1
656,2018-01-17,Milwaukee Bucks,Miami Heat,201.5,4,-190,160,207,-5
657,2018-01-17,Memphis Grizzlies,New York Knicks,201,1,115,-135,204,6
658,2018-01-17,Chicago Bulls,Golden State Warriors,230,10,340,-440,231,-7
659,2018-01-17,Oklahoma City Thunder,Los Angeles Lakers,215.5,10,-550,400,204,24
660,2018-01-17,Sacramento Kings,Utah Jazz,201.5,3.5,150,-180,225,-15
661,2018-01-17,Los Angeles Clippers,Denver Nuggets,221,2.5,-180,150,213,5
662,2018-01-18,Cleveland Cavaliers,Orlando Magic,222,10.5,-950,625,207,1
663,2018-01-18,Boston Celtics,Philadelphia 76ers,211,3.5,-150,130,169,-9
664,2018-01-18,Houston Rockets,Minnesota Timberwolves,222.5,4.5,-210,175,214,18
665,2018-01-18,Portland Trail Blazers,Indiana Pacers,213.5,3.5,-190,160,186,14
666,2018-01-19,Toronto Raptors,San Antonio Spurs,207,5,-250,200,169,3
667,2018-01-19,Brooklyn Nets,Miami Heat,205.5,2.5,142,-165,196,6
668,2018-01-19,Detroit Pistons,Washington Wizards,207.5,0,-120,100,234,-10
669,2018-01-19,Memphis Grizzlies,Sacramento Kings,202,6,-250,200,194,18
670,2018-01-19,Denver Nuggets,Phoenix Suns,218,9,-500,375,208,-8
671,2018-01-19,Utah Jazz,New York Knicks,203.5,4,-230,185,232,-2
672,2018-01-19,Los Angeles Lakers,Indiana Pacers,214,3.5,115,-135,185,13
673,2018-01-20,Cleveland Cavaliers,Oklahoma City Thunder,222,4,-150,130,272,-24
674,2018-01-20,Atlanta Hawks,Chicago Bulls,214,0,-130,110,210,-16
675,2018-01-20,New Orleans Pelicans,Memphis Grizzlies,211,8.5,-450,350,215,7
676,2018-01-20,Charlotte Bobcats,Miami Heat,205,5,-300,240,211,-1
677,2018-01-20,Philadelphia 76ers,Milwaukee Bucks,213,6.5,-330,260,210,22
678,2018-01-20,Houston Rockets,Golden State Warriors,234,4.5,130,-150,224,8
679,2018-01-20,Utah Jazz,Los Angeles Clippers,211.5,2.5,-145,125,238,12
680,2018-01-20,Minnesota Timberwolves,Toronto Raptors,215.5,3,105,-125,224,6
681,2018-01-20,Portland Trail Blazers,Dallas Mavericks,209,5,-220,180,225,9
682,2018-01-21,Boston Celtics,Orlando Magic,208,10.5,-700,500,198,-8
683,2018-01-21,Los Angeles Lakers,New York Knicks,213.5,1.5,110,-130,234,20
684,2018-01-21,Detroit Pistons,Brooklyn Nets,207.5,5.5,-260,210,201,-1
685,2018-01-21,San Antonio Spurs,Indiana Pacers,199.5,5.5,-250,200,180,-8
686,2018-01-22,Charlotte Bobcats,Sacramento Kings,209,9,-650,450,219,5
687,2018-01-22,Atlanta Hawks,Utah Jazz,205,2.5,125,-145,194,14
688,2018-01-22,New Orleans Pelicans,Chicago Bulls,224.5,5.5,-280,230,260,4
689,2018-01-22,Houston Rockets,Miami Heat,214.5,10,-800,550,189,9
690,2018-01-22,Memphis Grizzlies,Philadelphia 76ers,207.5,2.5,130,-150,206,4
691,2018-01-22,Milwaukee Bucks,Phoenix Suns,211.5,4,-220,180,214,4
692,2018-01-22,Dallas Mavericks,Washington Wizards,214,1.5,105,-125,173,23
693,2018-01-22,Denver Nuggets,Portland Trail Blazers,212,2.5,-155,135,205,3
694,2018-01-22,Los Angeles Clippers,Minnesota Timberwolves,219.5,1.5,-135,115,244,-8
695,2018-01-23,Orlando Magic,Sacramento Kings,213,6,-315,256,204,-6
696,2018-01-23,San Antonio Spurs,Cleveland Cavaliers,207.5,2,120,-140,216,12
697,2018-01-23,Oklahoma City Thunder,Brooklyn Nets,213.5,10,-540,410,217,1
698,2018-01-23,Golden State Warriors,New York Knicks,226.5,14,-3000,1284,235,11
699,2018-01-23,Los Angeles Lakers,Boston Celtics,207,4.5,180,-215,215,1
700,2018-01-24,Philadelphia 76ers,Chicago Bulls,219.5,5,-250,200,216,14
701,2018-01-24,Charlotte Bobcats,New Orleans Pelicans,222.5,1.5,-140,120,197,-5
702,2018-01-24,Detroit Pistons,Utah Jazz,201,3,-130,110,193,-3
703,2018-01-24,Indiana Pacers,Phoenix Suns,216,8,-290,235,217,15
704,2018-01-24,Atlanta Hawks,Toronto Raptors,214,6,230,-280,201,-15
705,2018-01-24,Memphis Grizzlies,San Antonio Spurs,192,0,100,-120,193,-23
706,2018-01-24,Dallas Mavericks,Houston Rockets,217,5.5,230,-280,201,-7
707,2018-01-24,Portland Trail Blazers,Minnesota Timberwolves,214,2,-155,135,237,9
708,2018-01-24,Los Angeles Clippers,Boston Celtics,214.5,1,-160,140,215,-11
709,2018-01-25,Miami Heat,Sacramento Kings,201.5,10,-470,360,177,-1
710,2018-01-25,Oklahoma City Thunder,Washington Wizards,212.5,4.5,-220,180,233,9
711,2018-01-25,Denver Nuggets,New York Knicks,214,4.5,-280,230,248,12
712,2018-01-25,Golden State Warriors,Minnesota Timberwolves,227,12.5,-1100,700,239,13
713,2018-01-26,Charlotte Bobcats,Atlanta Hawks,209,7,-280,230,231,11
714,2018-01-26,Cleveland Cavaliers,Indiana Pacers,222,4,-270,220,223,7
715,2018-01-26,Toronto Raptors,Utah Jazz,207,7,-420,320,190,-4
716,2018-01-26,New Orleans Pelicans,Houston Rockets,229.5,3,170,-200,228,2
717,2018-01-26,Milwaukee Bucks,Brooklyn Nets,213.5,5.5,-270,220,207,25
718,2018-01-26,Memphis Grizzlies,Los Angeles Clippers,210,3,160,-190,209,-9
719,2018-01-26,Chicago Bulls,Los Angeles Lakers,218,4,-180,150,211,-5
720,2018-01-26,San Antonio Spurs,Philadelphia 76ers,205,3.5,-155,135,175,-19
721,2018-01-26,Dallas Mavericks,Portland Trail Blazers,208.5,1,105,-125,200,-14
722,2018-01-26,Phoenix Suns,New York Knicks,221,2.5,110,-130,192,-22
723,2018-01-27,Detroit Pistons,Oklahoma City Thunder,206,3,150,-180,229,-13
724,2018-01-27,Indiana Pacers,Orlando Magic,213.5,7,-260,210,226,2
725,2018-01-27,Atlanta Hawks,Washington Wizards,210.5,5,145,-170,233,-25
726,2018-01-27,Miami Heat,Charlotte Bobcats,203,4,-170,145,186,4
727,2018-01-27,Golden State Warriors,Boston Celtics,222.5,9.5,-750,525,214,4
728,2018-01-27,Minnesota Timberwolves,Brooklyn Nets,216.5,9.5,-750,525,208,14
729,2018-01-27,Denver Nuggets,Dallas Mavericks,207.5,7,-360,280,180,2
730,2018-01-28,Houston Rockets,Phoenix Suns,227,14,-2000,1000,215,11
731,2018-01-28,Chicago Bulls,Milwaukee Bucks,214,0,125,-145,206,-14
732,2018-01-28,New Orleans Pelicans,Los Angeles Clippers,227.5,0,-135,115,215,-9
733,2018-01-28,Toronto Raptors,Los Angeles Lakers,218,10,-700,500,234,12
734,2018-01-28,Cleveland Cavaliers,Detroit Pistons,215.5,8,-360,280,225,17
735,2018-01-28,Oklahoma City Thunder,Philadelphia 76ers,213,3.5,-160,140,234,10
736,2018-01-28,San Antonio Spurs,Sacramento Kings,192.5,10,-900,600,211,15
737,2018-01-29,Indiana Pacers,Charlotte Bobcats,215,2.5,-125,105,201,9
738,2018-01-29,Atlanta Hawks,Minnesota Timberwolves,215.5,6.5,220,-270,205,5
739,2018-01-29,Memphis Grizzlies,Phoenix Suns,207,8,-380,290,229,11
740,2018-01-29,Milwaukee Bucks,Philadelphia 76ers,211,3,-250,200,202,12
741,2018-01-29,Dallas Mavericks,Miami Heat,196,1,110,-130,183,-7
742,2018-01-29,Denver Nuggets,Boston Celtics,203.5,1,-120,100,221,-1
743,2018-01-30,Washington Wizards,Oklahoma City Thunder,219.5,4.5,140,-160,198,6
744,2018-01-30,New York Knicks,Brooklyn Nets,216,4.5,-250,200,206,16
745,2018-01-30,Toronto Raptors,Minnesota Timberwolves,218,5.5,-275,225,213,5
746,2018-01-30,Detroit Pistons,Cleveland Cavaliers,218.5,2,210,-260,239,11
747,2018-01-30,Houston Rockets,Orlando Magic,222,12.5,-1400,800,221,7
748,2018-01-30,New Orleans Pelicans,Sacramento Kings,214,8,-550,400,217,-11
749,2018-01-30,San Antonio Spurs,Denver Nuggets,201,6,-290,235,210,2
750,2018-01-30,Utah Jazz,Golden State Warriors,217.5,7,300,-400,228,30
751,2018-01-30,Los Angeles Clippers,Portland Trail Blazers,220,2,135,-155,200,-8
752,2018-01-31,Indiana Pacers,Memphis Grizzlies,205,6,-400,300,206,4
753,2018-01-31,Orlando Magic,Los Angeles Lakers,216.5,2.5,130,-150,232,22
754,2018-01-31,Brooklyn Nets,Philadelphia 76ers,211,5.5,285,-370,224,8
755,2018-01-31,Cleveland Cavaliers,Miami Heat,213,3.5,-145,125,180,2
756,2018-01-31,Atlanta Hawks,Charlotte Bobcats,211,3,120,-140,233,-13
757,2018-01-31,Boston Celtics,New York Knicks,208,9,-240,190,176,30
758,2018-01-31,Portland Trail Blazers,Chicago Bulls,214,7,-380,290,232,16
759,2018-01-31,Phoenix Suns,Dallas Mavericks,209,4.5,120,-140,190,14
760,2018-02-01,Washington Wizards,Toronto Raptors,213,4,160,-190,241,3
761,2018-02-01,Detroit Pistons,Memphis Grizzlies,203,8,-420,320,206,2
762,2018-02-01,San Antonio Spurs,Houston Rockets,212,0,125,-145,193,-11
763,2018-02-01,Minnesota Timberwolves,Milwaukee Bucks,212.5,5.5,-260,210,197,19
764,2018-02-01,Denver Nuggets,Oklahoma City Thunder,212,1.5,105,-125,251,3
765,2018-02-02,Charlotte Bobcats,Indiana Pacers,211,2.5,-170,145,259,7
766,2018-02-02,Boston Celtics,Atlanta Hawks,203.5,9.5,-300,240,229,9
767,2018-02-02,Toronto Raptors,Portland Trail Blazers,214.5,4.5,-200,170,235,25
768,2018-02-02,Brooklyn Nets,Los Angeles Lakers,216.5,1.5,-115,-105,201,-3
769,2018-02-02,Philadelphia 76ers,Miami Heat,201.5,4.5,-180,150,200,6
770,2018-02-02,Milwaukee Bucks,New York Knicks,208,4.5,-190,160,182,2
771,2018-02-02,Phoenix Suns,Utah Jazz,210.5,5.5,210,-260,226,-32
772,2018-02-02,Oklahoma City Thunder,New Orleans Pelicans,220,6.5,-270,220,214,-14
773,2018-02-02,Sacramento Kings,Golden State Warriors,221,12.5,800,-1400,223,-15
774,2018-02-03,Los Angeles Clippers,Chicago Bulls,221,8,-450,350,216,10
775,2018-02-03,Orlando Magic,Washington Wizards,217,3.5,170,-200,213,-17
776,2018-02-03,Indiana Pacers,Philadelphia 76ers,211.5,2.5,-120,100,192,8
777,2018-02-03,Detroit Pistons,Miami Heat,197,2,-200,170,218,4
778,2018-02-03,Cleveland Cavaliers,Houston Rockets,230,3.5,142,-165,208,-32
779,2018-02-03,Minnesota Timberwolves,New Orleans Pelicans,220.5,7.5,-400,300,225,11
780,2018-02-03,San Antonio Spurs,Utah Jazz,195,6,-270,220,231,-9
781,2018-02-03,Denver Nuggets,Golden State Warriors,229,5.5,180,-220,223,7
782,2018-02-03,Sacramento Kings,Dallas Mavericks,202,4.5,160,-190,205,-7
783,2018-02-04,New York Knicks,Atlanta Hawks,211,5,-220,180,195,-3
784,2018-02-04,Brooklyn Nets,Milwaukee Bucks,208.5,4.5,170,-200,203,-15
785,2018-02-04,Toronto Raptors,Memphis Grizzlies,208,12,-900,600,187,15
786,2018-02-04,Boston Celtics,Portland Trail Blazers,202,1.5,105,-125,193,1
787,2018-02-04,Oklahoma City Thunder,Los Angeles Lakers,218.5,10,-550,400,212,-4
788,2018-02-04,Phoenix Suns,Charlotte Bobcats,219,6,225,-275,225,-5
789,2018-02-05,Detroit Pistons,Portland Trail Blazers,210.5,2,-150,130,202,20
790,2018-02-05,Indiana Pacers,Washington Wizards,212.5,2,130,-150,213,-9
791,2018-02-05,Miami Heat,Orlando Magic,205.5,7,-425,325,220,-2
792,2018-02-05,New Orleans Pelicans,Utah Jazz,213.5,2,-110,-110,242,-24
793,2018-02-05,Denver Nuggets,Charlotte Bobcats,218.5,5.5,-180,150,225,17
794,2018-02-05,Sacramento Kings,Chicago Bulls,211,1,-130,110,202,6
795,2018-02-05,Los Angeles Clippers,Dallas Mavericks,212.5,6,-270,220,205,3
796,2018-02-06,Orlando Magic,Cleveland Cavaliers,221,7,240,-300,214,18
797,2018-02-06,Brooklyn Nets,Houston Rockets,218,10.5,575,-850,236,-10
798,2018-02-06,New York Knicks,Milwaukee Bucks,205,1.5,-125,105,192,-14
799,2018-02-06,Atlanta Hawks,Memphis Grizzlies,204.5,2,-160,140,190,26
800,2018-02-06,Toronto Raptors,Boston Celtics,206.5,5,-210,175,202,20
801,2018-02-06,Philadelphia 76ers,Washington Wizards,213.5,4.5,-280,230,217,13
802,2018-02-06,Los Angeles Lakers,Phoenix Suns,217.5,8,-360,280,205,19
803,2018-02-06,Golden State Warriors,Oklahoma City Thunder,229,10,-600,425,230,-20
804,2018-02-07,Detroit Pistons,Brooklyn Nets,208,9.5,-500,375,221,9
805,2018-02-07,Miami Heat,Houston Rockets,210.5,5,165,-195,210,-8
806,2018-02-07,Cleveland Cavaliers,Minnesota Timberwolves,220,0,140,-160,278,2
807,2018-02-07,Memphis Grizzlies,Utah Jazz,201,7.5,240,-300,180,-4
808,2018-02-07,Phoenix Suns,San Antonio Spurs,203,11,450,-650,210,-48
809,2018-02-08,Orlando Magic,Atlanta Hawks,214,1,105,-125,198,2
810,2018-02-08,Toronto Raptors,New York Knicks,209,15,-1500,850,201,25
811,2018-02-08,Washington Wizards,Boston Celtics,205,1,115,-135,214,-6
812,2018-02-08,Portland Trail Blazers,Charlotte Bobcats,214,4,-170,145,212,6
813,2018-02-08,Los Angeles Lakers,Oklahoma City Thunder,215,3,-125,105,187,25
814,2018-02-08,Golden State Warriors,Dallas Mavericks,221,13,-1500,850,224,18
815,2018-02-09,Philadelphia 76ers,New Orleans Pelicans,221.5,5.5,-250,200,182,18
816,2018-02-09,Detroit Pistons,Los Angeles Clippers,217,3,-170,145,203,-13
817,2018-02-09,Atlanta Hawks,Cleveland Cavaliers,216.5,2,115,-135,230,-16
818,2018-02-09,Boston Celtics,Indiana Pacers,204.5,5,-185,155,188,-6
819,2018-02-09,Miami Heat,Milwaukee Bucks,198.5,1.5,-125,105,176,6
820,2018-02-09,Chicago Bulls,Minnesota Timberwolves,215.5,6.5,270,-340,227,1
821,2018-02-09,Houston Rockets,Denver Nuggets,222,8.5,-400,300,234,26
822,2018-02-09,Utah Jazz,Charlotte Bobcats,208.5,4.5,-270,220,200,12
823,2018-02-09,Sacramento Kings,Portland Trail Blazers,208.5,6.5,180,-220,218,-18
824,2018-02-10,Brooklyn Nets,New Orleans Pelicans,221,1.5,120,-140,266,-10
825,2018-02-10,Orlando Magic,Milwaukee Bucks,207,5,180,-220,215,-7
826,2018-02-10,Philadelphia 76ers,Los Angeles Clippers,217.5,2.5,-220,180,210,14
827,2018-02-10,Chicago Bulls,Washington Wizards,214,5,185,-230,191,-11
828,2018-02-10,Golden State Warriors,San Antonio Spurs,216.5,11,-750,525,227,17
829,2018-02-10,Dallas Mavericks,Los Angeles Lakers,213,2.5,-170,145,253,7
830,2018-02-10,Phoenix Suns,Denver Nuggets,219.5,7.5,260,-325,236,-10
831,2018-02-11,Charlotte Bobcats,Toronto Raptors,214.5,3,135,-155,226,-20
832,2018-02-11,Boston Celtics,Cleveland Cavaliers,212,4,-190,160,220,-22
833,2018-02-11,Atlanta Hawks,Detroit Pistons,210,3.5,145,-170,233,3
834,2018-02-11,Indiana Pacers,New York Knicks,208,9.5,-360,280,234,8
835,2018-02-11,Minnesota Timberwolves,Sacramento Kings,212,13.5,-1200,750,217,5
836,2018-02-11,Oklahoma City Thunder,Memphis Grizzlies,205.5,8,-190,160,202,18
837,2018-02-11,Houston Rockets,Dallas Mavericks,216.5,13.5,-2000,1000,201,7
838,2018-02-11,Portland Trail Blazers,Utah Jazz,204.5,3.5,-170,145,211,-19
839,2018-02-12,Philadelphia 76ers,New York Knicks,208,11.5,-750,525,200,16
840,2018-02-12,Detroit Pistons,New Orleans Pelicans,219,3,-160,140,221,-15
841,2018-02-12,Brooklyn Nets,Los Angeles Clippers,218,4.5,170,-200,215,-13
842,2018-02-12,Chicago Bulls,Orlando Magic,214,4.5,-210,175,206,4
843,2018-02-12,Utah Jazz,San Antonio Spurs,196.5,4.5,-180,150,200,2
844,2018-02-12,Golden State Warriors,Phoenix Suns,228,15.5,-3500,1300,212,46
845,2018-02-13,Toronto Raptors,Miami Heat,206,8,-400,300,227,3
846,2018-02-13,Milwaukee Bucks,Atlanta Hawks,207,7.5,-310,250,189,5
847,2018-02-13,Minnesota Timberwolves,Houston Rockets,222.5,2.5,140,-160,234,-18
848,2018-02-13,Oklahoma City Thunder,Cleveland Cavaliers,222,2,-160,140,232,-8
849,2018-02-13,Dallas Mavericks,Sacramento Kings,204,6.5,-280,230,223,-5
850,2018-02-13,Denver Nuggets,San Antonio Spurs,207.5,7,-280,230,226,8
851,2018-02-14,Detroit Pistons,Atlanta Hawks,212,8.5,-700,500,202,6
852,2018-02-14,Philadelphia 76ers,Miami Heat,201,6.5,-170,145,206,2
853,2018-02-14,Orlando Magic,Charlotte Bobcats,213,5.5,210,-260,206,-2
854,2018-02-14,Brooklyn Nets,Indiana Pacers,214.5,4.5,140,-160,211,-5
855,2018-02-14,New York Knicks,Washington Wizards,205,5,160,-190,231,-5
856,2018-02-14,Chicago Bulls,Toronto Raptors,217,7,235,-290,220,-24
857,2018-02-14,Houston Rockets,Sacramento Kings,216.5,15.5,-2000,1000,191,9
858,2018-02-14,Boston Celtics,Los Angeles Clippers,208,5,-200,170,248,-10
859,2018-02-14,New Orleans Pelicans,Los Angeles Lakers,224,5.5,-230,185,256,22
860,2018-02-14,Memphis Grizzlies,Oklahoma City Thunder,207.5,4,170,-200,235,-7
861,2018-02-14,Utah Jazz,Phoenix Suns,209.5,11.5,-750,525,204,10
862,2018-02-14,Portland Trail Blazers,Golden State Warriors,226,6,220,-270,240,6
863,2018-02-15,Milwaukee Bucks,Denver Nuggets,212,3,-130,110,257,-11
864,2018-02-15,Minnesota Timberwolves,Los Angeles Lakers,222.5,10,-650,450,230,8
865,2018-02-22,Charlotte Bobcats,Brooklyn Nets,213.5,7.5,-420,320,207,15
866,2018-02-22,Orlando Magic,New York Knicks,211,3,-160,140,233,-7
867,2018-02-22,Cleveland Cavaliers,Washington Wizards,220,5,-300,240,213,-7
868,2018-02-22,Chicago Bulls,Philadelphia 76ers,214.5,5,240,-300,231,-1
869,2018-02-22,Sacramento Kings,Oklahoma City Thunder,213,7.5,280,-360,217,-3
870,2018-02-22,Golden State Warriors,Los Angeles Clippers,233,11,-750,525,261,7
871,2018-02-23,Detroit Pistons,Boston Celtics,204.5,1,115,-135,208,-12
872,2018-02-23,Indiana Pacers,Atlanta Hawks,211,8,-320,255,209,23
873,2018-02-23,Washington Wizards,Charlotte Bobcats,212,3.5,-180,150,227,-17
874,2018-02-23,Toronto Raptors,Milwaukee Bucks,215,8.5,-360,280,241,-3
875,2018-02-23,New Orleans Pelicans,Miami Heat,214,3,-135,115,247,1
876,2018-02-23,Memphis Grizzlies,Cleveland Cavaliers,212,5.5,185,-230,201,-23
877,2018-02-23,Houston Rockets,Minnesota Timberwolves,226,7.5,-400,300,222,18
878,2018-02-23,Denver Nuggets,San Antonio Spurs,211,3.5,-170,145,241,3
879,2018-02-23,Utah Jazz,Portland Trail Blazers,206.5,3.5,-190,160,181,-19
880,2018-02-23,Phoenix Suns,Los Angeles Clippers,224.5,4.5,190,-240,245,-11
881,2018-02-23,Los Angeles Lakers,Dallas Mavericks,224,3.5,-195,165,226,22
882,2018-02-24,Philadelphia 76ers,Orlando Magic,215.5,10,-600,425,221,11
883,2018-02-24,New York Knicks,Boston Celtics,208,4.5,210,-260,233,-9
884,2018-02-24,Miami Heat,Memphis Grizzlies,195,7,-550,400,204,26
885,2018-02-24,Golden State Warriors,Oklahoma City Thunder,233.5,9.5,-650,450,192,32
886,2018-02-24,Utah Jazz,Dallas Mavericks,206,7.5,-600,425,187,7
887,2018-02-24,Phoenix Suns,Portland Trail Blazers,220,5.5,230,-280,210,-2
888,2018-02-24,Minnesota Timberwolves,Chicago Bulls,218.5,8.5,-350,275,226,18
889,2018-02-24,Sacramento Kings,Los Angeles Lakers,220,1.5,105,-125,221,-5
890,2018-02-25,Charlotte Bobcats,Detroit Pistons,214.5,4,-185,155,212,16
891,2018-02-25,Milwaukee Bucks,New Orleans Pelicans,221.5,4.5,-185,155,244,-2
892,2018-02-25,Cleveland Cavaliers,San Antonio Spurs,215.5,4.5,-190,160,204,-16
893,2018-02-25,Denver Nuggets,Houston Rockets,228,4.5,170,-200,233,-5
894,2018-02-25,Washington Wizards,Philadelphia 76ers,211.5,1.5,-125,105,203,15
895,2018-02-26,Toronto Raptors,Detroit Pistons,218,11,-700,500,217,29
896,2018-02-26,Brooklyn Nets,Chicago Bulls,217.5,1.5,-190,160,191,17
897,2018-02-26,Boston Celtics,Memphis Grizzlies,200,11,-1200,750,207,11
898,2018-02-26,Atlanta Hawks,Los Angeles Lakers,223.5,2.5,110,-130,227,-19
899,2018-02-26,New York Knicks,Golden State Warriors,230,12,800,-1400,236,-14
900,2018-02-26,New Orleans Pelicans,Phoenix Suns,231,7,-310,250,241,9
901,2018-02-26,Oklahoma City Thunder,Orlando Magic,220.5,10.5,-700,500,217,7
902,2018-02-26,Dallas Mavericks,Indiana Pacers,210,2,130,-150,212,6
903,2018-02-26,Utah Jazz,Houston Rockets,211,2.5,105,-125,181,-11
904,2018-02-26,Sacramento Kings,Minnesota Timberwolves,214.5,6,175,-210,218,-18
905,2018-02-27,Charlotte Bobcats,Chicago Bulls,216.5,9,-1000,650,221,15
906,2018-02-27,Cleveland Cavaliers,Brooklyn Nets,221,12,-800,550,252,6
907,2018-02-27,Miami Heat,Philadelphia 76ers,205,0,-115,-105,203,1
908,2018-02-27,Milwaukee Bucks,Washington Wizards,210.5,3.5,-150,130,211,-3
909,2018-02-27,Portland Trail Blazers,Sacramento Kings,210.5,11,-1100,700,215,17
910,2018-02-27,Denver Nuggets,Los Angeles Clippers,233.5,3.5,-230,185,242,-2
911,2018-02-28,Detroit Pistons,Milwaukee Bucks,208,2,-115,-105,197,23
912,2018-02-28,Orlando Magic,Toronto Raptors,220,9,375,-500,221,-13
913,2018-02-28,Atlanta Hawks,Indiana Pacers,211,4,150,-180,209,5
914,2018-02-28,Boston Celtics,Charlotte Bobcats,208,6,-360,280,240,28
915,2018-02-28,Memphis Grizzlies,Phoenix Suns,213,2,-145,125,212,-8
916,2018-02-28,Washington Wizards,Golden State Warriors,226.5,8.5,360,-470,210,-8
917,2018-02-28,San Antonio Spurs,New Orleans Pelicans,220,5.5,-200,170,237,-5
918,2018-02-28,Dallas Mavericks,Oklahoma City Thunder,214,5,180,-220,221,-1
919,2018-02-28,Los Angeles Clippers,Houston Rockets,225.5,7,325,-425,197,-13
920,2018-03-01,Miami Heat,Los Angeles Lakers,215.5,3.5,-220,180,244,-18
921,2018-03-01,Cleveland Cavaliers,Philadelphia 76ers,222.5,3,-150,130,205,-11
922,2018-03-01,Sacramento Kings,Brooklyn Nets,214,0,120,-140,227,5
923,2018-03-01,Portland Trail Blazers,Minnesota Timberwolves,217,4,-240,190,207,9
924,2018-03-02,Orlando Magic,Detroit Pistons,212.5,3,120,-140,221,9
925,2018-03-02,Philadelphia 76ers,Charlotte Bobcats,216,3.5,-165,142,209,11
926,2018-03-02,Atlanta Hawks,Golden State Warriors,227,13,750,-1200,223,-5
927,2018-03-02,Chicago Bulls,Dallas Mavericks,211.5,0,120,-140,208,8
928,2018-03-02,Memphis Grizzlies,Denver Nuggets,215.5,7.5,340,-440,210,-6
929,2018-03-02,Washington Wizards,Toronto Raptors,216,3,130,-150,197,-7
930,2018-03-02,Milwaukee Bucks,Indiana Pacers,210.5,3,-170,145,199,-7
931,2018-03-02,Phoenix Suns,Oklahoma City Thunder,223,8,290,-380,240,-8
932,2018-03-02,Utah Jazz,Minnesota Timberwolves,210,5.5,-340,270,224,8
933,2018-03-02,Los Angeles Clippers,New York Knicks,228,9.5,-450,350,233,23
934,2018-03-03,Orlando Magic,Memphis Grizzlies,208.5,8,-300,240,207,7
935,2018-03-03,Cleveland Cavaliers,Denver Nuggets,228.5,5,-180,150,243,-9
936,2018-03-03,Miami Heat,Detroit Pistons,206,4.5,-220,180,201,9
937,2018-03-03,Houston Rockets,Boston Celtics,217,7.5,-400,300,243,3
938,2018-03-03,San Antonio Spurs,Los Angeles Lakers,219,4,-250,200,228,-4
939,2018-03-03,Sacramento Kings,Utah Jazz,203,6.5,260,-330,189,-7
940,2018-03-03,Portland Trail Blazers,Oklahoma City Thunder,213,3.5,-190,160,208,8
941,2018-03-04,Atlanta Hawks,Phoenix Suns,221.5,2.5,-125,105,225,1
942,2018-03-04,Washington Wizards,Indiana Pacers,208,3.5,-180,150,193,-3
943,2018-03-04,Toronto Raptors,Charlotte Bobcats,220,9,-425,325,201,5
944,2018-03-04,Dallas Mavericks,New Orleans Pelicans,223,2.5,150,-180,235,-17
945,2018-03-04,Milwaukee Bucks,Philadelphia 76ers,210,1,100,-120,228,8
946,2018-03-04,Sacramento Kings,New York Knicks,215,1.5,120,-140,201,3
947,2018-03-04,Los Angeles Clippers,Brooklyn Nets,224.5,9.5,-350,275,243,3
948,2018-03-05,Cleveland Cavaliers,Detroit Pistons,219,7,-275,225,202,22
949,2018-03-05,Indiana Pacers,Milwaukee Bucks,209,2.5,-140,120,181,3
950,2018-03-05,Miami Heat,Phoenix Suns,216.5,9.5,-550,400,228,22
951,2018-03-05,Chicago Bulls,Boston Celtics,217,8.5,250,-310,194,-16
952,2018-03-05,San Antonio Spurs,Memphis Grizzlies,199.5,11,-1100,700,198,2
953,2018-03-05,Utah Jazz,Orlando Magic,206.5,9.5,-500,375,174,14
954,2018-03-05,Los Angeles Lakers,Portland Trail Blazers,223.5,2.5,115,-135,211,-5
955,2018-03-06,Charlotte Bobcats,Philadelphia 76ers,214,1,110,-130,242,-14
956,2018-03-06,Washington Wizards,Miami Heat,203.5,5,-180,150,230,4
957,2018-03-06,Toronto Raptors,Atlanta Hawks,218.5,13.5,-1400,800,196,16
958,2018-03-06,Oklahoma City Thunder,Houston Rockets,222.5,4,185,-230,234,-10
959,2018-03-06,Dallas Mavericks,Denver Nuggets,220,4.5,230,-280,225,11
960,2018-03-06,Portland Trail Blazers,New York Knicks,214,10,-550,400,198,24
961,2018-03-06,Los Angeles Clippers,New Orleans Pelicans,238,3,-130,110,237,-5
962,2018-03-06,Golden State Warriors,Brooklyn Nets,231,15.5,-2500,1100,215,13
963,2018-03-07,Indiana Pacers,Utah Jazz,200,1,100,-120,188,-20
964,2018-03-07,Chicago Bulls,Memphis Grizzlies,206.5,3,-170,145,229,9
965,2018-03-07,Milwaukee Bucks,Houston Rockets,216.5,6,200,-250,209,-11
966,2018-03-07,Detroit Pistons,Toronto Raptors,213,5,190,-240,240,-2
967,2018-03-07,Sacramento Kings,New Orleans Pelicans,224,5,200,-250,215,-13
968,2018-03-07,Denver Nuggets,Cleveland Cavaliers,228.5,2,-155,135,221,-5
969,2018-03-07,Los Angeles Lakers,Orlando Magic,227,6,-290,235,215,1
970,2018-03-08,Charlotte Bobcats,Brooklyn Nets,218,7.5,-330,260,236,-14
971,2018-03-08,Miami Heat,Philadelphia 76ers,208.5,1.5,-110,-110,207,9
972,2018-03-08,Minnesota Timberwolves,Boston Celtics,214.5,2,120,-140,226,-8
973,2018-03-08,Oklahoma City Thunder,Phoenix Suns,228.5,11,-700,500,202,28
974,2018-03-08,Golden State Warriors,San Antonio Spurs,222,12,-800,550,217,3
975,2018-03-09,Indiana Pacers,Atlanta Hawks,207.5,8.5,-470,360,199,25
976,2018-03-09,Detroit Pistons,Chicago Bulls,214,8,-380,290,182,16
977,2018-03-09,Toronto Raptors,Houston Rockets,221,1,125,-145,213,3
978,2018-03-09,Milwaukee Bucks,New York Knicks,212,9.5,-600,425,232,8
979,2018-03-09,Memphis Grizzlies,Utah Jazz,198,9,425,-600,173,-17
980,2018-03-09,New Orleans Pelicans,Washington Wizards,219.5,2.5,135,-155,213,-19
981,2018-03-09,Denver Nuggets,Los Angeles Lakers,231,6.5,-300,240,241,9
982,2018-03-09,Portland Trail Blazers,Golden State Warriors,227.5,4,-130,110,233,17
983,2018-03-09,Sacramento Kings,Orlando Magic,211,4.5,-135,115,182,6
984,2018-03-09,Los Angeles Clippers,Cleveland Cavaliers,231,0,105,-125,218,14
985,2018-03-10,Charlotte Bobcats,Phoenix Suns,223,13,-1400,800,237,7
986,2018-03-10,Miami Heat,Washington Wizards,207,4,-180,150,231,27
987,2018-03-10,Oklahoma City Thunder,San Antonio Spurs,210.5,4.5,-180,150,198,10
988,2018-03-10,Dallas Mavericks,Memphis Grizzlies,205.5,8,-550,400,194,34
989,2018-03-10,Los Angeles Clippers,Orlando Magic,220.5,12,-1000,650,218,8
990,2018-03-11,New York Knicks,Toronto Raptors,218,9.5,450,-650,238,-26
991,2018-03-11,Atlanta Hawks,Chicago Bulls,214,3,-130,110,251,-7
992,2018-03-11,Minnesota Timberwolves,Golden State Warriors,226,5.5,142,-165,212,6
993,2018-03-11,New Orleans Pelicans,Utah Jazz,212,3.5,100,-120,215,-17
994,2018-03-11,Denver Nuggets,Sacramento Kings,217,11.5,-1000,650,234,26
995,2018-03-11,Dallas Mavericks,Houston Rockets,215,12,500,-700,187,-23
996,2018-03-11,Boston Celtics,Indiana Pacers,209,6.5,-200,170,196,-2
997,2018-03-11,Brooklyn Nets,Philadelphia 76ers,217,6,200,-250,217,-23
998,2018-03-11,Los Angeles Lakers,Cleveland Cavaliers,228.5,3,115,-135,240,14
999,2018-03-12,Memphis Grizzlies,Milwaukee Bucks,205.5,6.5,280,-360,224,-18
1000,2018-03-12,Oklahoma City Thunder,Sacramento Kings,210,12,-1600,900,207,5
1001,2018-03-12,Houston Rockets,San Antonio Spurs,208,13,-1000,650,202,16
1002,2018-03-12,Portland Trail Blazers,Miami Heat,211,7,-240,190,214,16
1003,2018-03-13,Washington Wizards,Minnesota Timberwolves,216,4,-155,135,227,-5
1004,2018-03-13,Philadelphia 76ers,Indiana Pacers,210.5,5,-280,230,199,-3
1005,2018-03-13,Brooklyn Nets,Toronto Raptors,219,10,375,-500,218,-14
1006,2018-03-13,New York Knicks,Dallas Mavericks,212.5,2.5,-115,-105,207,-13
1007,2018-03-13,Atlanta Hawks,Oklahoma City Thunder,214,5.5,210,-260,226,-12
1008,2018-03-13,Chicago Bulls,Los Angeles Clippers,224.5,5,300,-400,218,-6
1009,2018-03-13,New Orleans Pelicans,Charlotte Bobcats,230,4,-200,170,234,4
1010,2018-03-13,San Antonio Spurs,Orlando Magic,206,10.5,-650,450,180,36
1011,2018-03-13,Utah Jazz,Detroit Pistons,198,7.5,-450,350,189,31
1012,2018-03-13,Phoenix Suns,Cleveland Cavaliers,230,7,285,-370,236,-22
1013,2018-03-13,Los Angeles Lakers,Denver Nuggets,232.5,2,110,-130,215,9
1014,2018-03-14,Orlando Magic,Milwaukee Bucks,207.5,8.5,450,-650,243,9
1015,2018-03-14,Boston Celtics,Washington Wizards,204,2,160,-190,249,-1
1016,2018-03-14,Sacramento Kings,Miami Heat,205.5,6,240,-300,242,4
1017,2018-03-14,Golden State Warriors,Los Angeles Lakers,223,7.5,-250,200,223,11
1018,2018-03-15,Indiana Pacers,Toronto Raptors,214.5,4,151,-175,205,-7
1019,2018-03-15,Atlanta Hawks,Charlotte Bobcats,220,4.5,195,-235,246,-12
1020,2018-03-15,New York Knicks,Philadelphia 76ers,217,9,471,-640,228,-8
1021,2018-03-15,Houston Rockets,Los Angeles Clippers,224.5,11.5,-1000,664,197,5
1022,2018-03-15,Memphis Grizzlies,Chicago Bulls,211.5,0,-140,120,221,-1
1023,2018-03-15,San Antonio Spurs,New Orleans Pelicans,219.5,4,-185,160,191,5
1024,2018-03-15,Utah Jazz,Phoenix Suns,212,12.5,-1800,980,204,28
1025,2018-03-15,Denver Nuggets,Detroit Pistons,216,7.5,-400,317,233,7
1026,2018-03-15,Portland Trail Blazers,Cleveland Cavaliers,222,4,-215,180,218,8
1027,2018-03-16,Orlando Magic,Boston Celtics,205,6.5,226,-275,175,-9
1028,2018-03-16,Philadelphia 76ers,Brooklyn Nets,217.5,9,-400,317,236,4
1029,2018-03-16,Toronto Raptors,Dallas Mavericks,213,12.5,-640,471,237,7
1030,2018-03-16,Oklahoma City Thunder,Los Angeles Clippers,222,4,-265,218,234,8
1031,2018-03-16,Golden State Warriors,Sacramento Kings,214,12,-400,317,191,-5
1032,2018-03-16,Los Angeles Lakers,Miami Heat,219.5,3.5,-130,110,183,-1
1033,2018-03-17,Milwaukee Bucks,Atlanta Hawks,214.5,10,-900,600,239,5
1034,2018-03-17,Washington Wizards,Indiana Pacers,209,3.5,-190,160,211,7
1035,2018-03-17,New Orleans Pelicans,Houston Rockets,227,6.5,320,-420,208,-6
1036,2018-03-17,Brooklyn Nets,Dallas Mavericks,213,1.5,-200,170,220,8
1037,2018-03-17,New York Knicks,Charlotte Bobcats,221,6,240,-300,225,23
1038,2018-03-17,Memphis Grizzlies,Denver Nuggets,216,6,270,-340,195,7
1039,2018-03-17,Chicago Bulls,Cleveland Cavaliers,223,6,275,-350,223,-5
1040,2018-03-17,San Antonio Spurs,Minnesota Timberwolves,211.5,4.5,-190,160,218,16
1041,2018-03-17,Utah Jazz,Sacramento Kings,200,14,-3000,1200,200,6
1042,2018-03-17,Phoenix Suns,Golden State Warriors,217,3,175,-210,233,-15
1043,2018-03-17,Portland Trail Blazers,Detroit Pistons,208.5,8,-480,365,187,13
1044,2018-03-18,Toronto Raptors,Oklahoma City Thunder,216,6.5,-260,210,257,-7
1045,2018-03-18,New Orleans Pelicans,Boston Celtics,214.5,3,-155,135,197,19
1046,2018-03-18,Minnesota Timberwolves,Houston Rockets,221,7,260,-330,249,-9
1047,2018-03-18,Los Angeles Clippers,Portland Trail Blazers,220.5,1,-130,110,231,-13
1048,2018-03-19,Cleveland Cavaliers,Milwaukee Bucks,222.5,3.5,-150,130,241,7
1049,2018-03-19,Indiana Pacers,Los Angeles Lakers,219.5,5,-220,180,210,10
1050,2018-03-19,Philadelphia 76ers,Charlotte Bobcats,223,7,-425,325,202,14
1051,2018-03-19,Miami Heat,Denver Nuggets,215.5,1.5,-125,105,290,8
1052,2018-03-19,New York Knicks,Chicago Bulls,216.5,5.5,-220,180,202,18
1053,2018-03-19,Brooklyn Nets,Memphis Grizzlies,212,5,-400,300,233,3
1054,2018-03-19,San Antonio Spurs,Golden State Warriors,206,6.5,-380,290,164,14
1055,2018-03-19,Sacramento Kings,Detroit Pistons,203,2.5,145,-170,196,-16
1056,2018-03-20,Orlando Magic,Toronto Raptors,214,10,375,-500,179,-7
1057,2018-03-20,New Orleans Pelicans,Dallas Mavericks,218.5,9,-310,250,220,10
1058,2018-03-20,Minnesota Timberwolves,Los Angeles Clippers,227.5,2.5,-170,145,232,14
1059,2018-03-20,Boston Celtics,Oklahoma City Thunder,208,2.5,185,-230,199,1
1060,2018-03-20,Utah Jazz,Atlanta Hawks,208,13.5,-1600,900,193,-5
1061,2018-03-20,Phoenix Suns,Detroit Pistons,215,6,285,-370,203,-27
1062,2018-03-20,Portland Trail Blazers,Houston Rockets,216,4,160,-190,226,-4
1063,2018-03-21,Cleveland Cavaliers,Toronto Raptors,227.5,0,100,-120,261,3
1064,2018-03-21,Philadelphia 76ers,Memphis Grizzlies,211,13,-1400,800,224,14
1065,2018-03-21,Miami Heat,New York Knicks,214,10,-600,425,217,21
1066,2018-03-21,Brooklyn Nets,Charlotte Bobcats,223,1,100,-120,216,-6
1067,2018-03-21,Milwaukee Bucks,Los Angeles Clippers,224.5,4,-230,185,247,-7
1068,2018-03-21,Chicago Bulls,Denver Nuggets,222,10,375,-500,237,-33
1069,2018-03-21,San Antonio Spurs,Washington Wizards,203.5,5.5,-230,185,188,8
1070,2018-03-21,New Orleans Pelicans,Indiana Pacers,221,2,-120,100,188,4
1071,2018-03-22,Orlando Magic,Philadelphia 76ers,212.5,7,300,-400,216,-20
1072,2018-03-22,Charlotte Bobcats,Memphis Grizzlies,214.5,9,-450,350,219,61
1073,2018-03-22,New Orleans Pelicans,Los Angeles Lakers,228.5,4,-140,120,253,3
1074,2018-03-22,Houston Rockets,Detroit Pistons,214.5,12.5,-1000,650,196,4
1075,2018-03-22,Dallas Mavericks,Utah Jazz,199.5,9,350,-450,231,-7
1076,2018-03-22,Sacramento Kings,Atlanta Hawks,211.5,2.5,-160,140,195,15
1077,2018-03-23,Indiana Pacers,Los Angeles Clippers,217.5,2.5,-170,145,213,5
1078,2018-03-23,Washington Wizards,Denver Nuggets,220.5,1.5,-125,105,208,-8
1079,2018-03-23,New York Knicks,Minnesota Timberwolves,223.5,6.5,220,-270,212,-4
1080,2018-03-23,Cleveland Cavaliers,Phoenix Suns,230,12.5,-3500,1300,215,25
1081,2018-03-23,Toronto Raptors,Brooklyn Nets,221.5,13,-1000,650,228,4
1082,2018-03-23,Oklahoma City Thunder,Miami Heat,215.5,7,-275,225,204,6
1083,2018-03-23,Chicago Bulls,Milwaukee Bucks,215.5,3.5,160,-190,223,-13
1084,2018-03-23,San Antonio Spurs,Utah Jazz,193.5,2.5,-160,140,244,4
1085,2018-03-23,Portland Trail Blazers,Boston Celtics,203,6.5,-380,290,205,-5
1086,2018-03-23,Golden State Warriors,Atlanta Hawks,221,9,-900,600,200,12
1087,2018-03-24,Philadelphia 76ers,Minnesota Timberwolves,222,6,-400,300,228,12
1088,2018-03-24,Detroit Pistons,Chicago Bulls,210,11,-1400,800,212,22
1089,2018-03-24,Orlando Magic,Phoenix Suns,217.5,6,-330,260,204,6
1090,2018-03-24,Memphis Grizzlies,Los Angeles Lakers,217,4.5,235,-290,193,-7
1091,2018-03-24,Houston Rockets,New Orleans Pelicans,228,10,-470,360,205,23
1092,2018-03-24,Dallas Mavericks,Charlotte Bobcats,214.5,2,125,-145,200,-4
1093,2018-03-25,Brooklyn Nets,Cleveland Cavaliers,228.5,5.5,260,-330,235,-7
1094,2018-03-25,Milwaukee Bucks,San Antonio Spurs,203.5,2.5,105,-125,209,3
1095,2018-03-25,Indiana Pacers,Miami Heat,208,3,-150,130,220,6
1096,2018-03-25,Sacramento Kings,Boston Celtics,199.5,7,225,-275,197,-11
1097,2018-03-25,Washington Wizards,New York Knicks,217,10,-700,500,198,-4
1098,2018-03-25,Toronto Raptors,Los Angeles Clippers,225.5,9,-425,325,223,-11
1099,2018-03-25,Oklahoma City Thunder,Portland Trail Blazers,214.5,2,-180,150,213,-3
1100,2018-03-25,Houston Rockets,Atlanta Hawks,219.5,15,-2500,1100,217,19
1101,2018-03-25,Golden State Warriors,Utah Jazz,203.5,4,400,-550,201,-19
1102,2018-03-26,Detroit Pistons,Los Angeles Lakers,214.5,4.5,-205,172,218,6
1103,2018-03-26,Charlotte Bobcats,New York Knicks,223,10.5,-900,614,265,9
1104,2018-03-26,Philadelphia 76ers,Denver Nuggets,222,4,-230,192,227,19
1105,2018-03-26,Minnesota Timberwolves,Memphis Grizzlies,215.5,14,-1400,837,194,-8
1106,2018-03-26,Phoenix Suns,Boston Celtics,210,9.5,477,-650,196,-8
1107,2018-03-27,Washington Wizards,San Antonio Spurs,200.5,1,115,-135,222,10
1108,2018-03-27,Toronto Raptors,Denver Nuggets,226.5,9,-400,300,224,4
1109,2018-03-27,New Orleans Pelicans,Portland Trail Blazers,221.5,1,110,-130,210,-4
1110,2018-03-27,Houston Rockets,Chicago Bulls,218,17.5,-1600,900,204,32
1111,2018-03-27,Miami Heat,Cleveland Cavaliers,220,3,115,-135,177,19
1112,2018-03-27,Sacramento Kings,Dallas Mavericks,201.5,0,-145,125,200,-6
1113,2018-03-27,Los Angeles Clippers,Milwaukee Bucks,225,2.5,-150,130,203,7
1114,2018-03-27,Golden State Warriors,Indiana Pacers,203,3,300,-400,173,-11
1115,2018-03-28,Orlando Magic,Brooklyn Nets,216.5,1,120,-140,215,-7
1116,2018-03-28,Philadelphia 76ers,New York Knicks,220,13,-2000,1000,219,17
1117,2018-03-28,Charlotte Bobcats,Cleveland Cavaliers,229.5,1,-120,100,223,-13
1118,2018-03-28,Minnesota Timberwolves,Atlanta Hawks,217.5,12.5,-1100,700,240,12
1119,2018-03-28,Memphis Grizzlies,Portland Trail Blazers,202,5,225,-275,211,5
1120,2018-03-28,Utah Jazz,Boston Celtics,195.5,6,-750,525,191,-3
1121,2018-03-28,Phoenix Suns,Los Angeles Clippers,220,9.5,650,-1000,210,-12
1122,2018-03-28,Los Angeles Lakers,Dallas Mavericks,216.5,7.5,-360,280,196,10
1123,2018-03-29,Detroit Pistons,Washington Wizards,210,1,120,-140,195,11
1124,2018-03-29,Miami Heat,Chicago Bulls,210.5,13,-1600,900,195,11
1125,2018-03-29,San Antonio Spurs,Oklahoma City Thunder,207,1,-125,105,202,4
1126,2018-03-29,Sacramento Kings,Indiana Pacers,203.5,7,275,-350,209,-3
1127,2018-03-29,Golden State Warriors,Milwaukee Bucks,215.5,3.5,-180,150,223,-9
1128,2018-03-30,Orlando Magic,Chicago Bulls,212,5,-270,220,172,-8
1129,2018-03-30,Atlanta Hawks,Philadelphia 76ers,215.5,7.5,310,-410,192,-10
1130,2018-03-30,Cleveland Cavaliers,New Orleans Pelicans,229.5,4,-230,185,209,5
1131,2018-03-30,Oklahoma City Thunder,Denver Nuggets,222,4,-180,150,251,-1
1132,2018-03-30,Houston Rockets,Phoenix Suns,218,18.5,-8000,1800,207,1
1133,2018-03-30,Dallas Mavericks,Minnesota Timberwolves,216.5,4.5,205,-255,185,-1
1134,2018-03-30,Utah Jazz,Memphis Grizzlies,196,15,-3000,1200,204,10
1135,2018-03-30,Los Angeles Lakers,Milwaukee Bucks,218.5,0,100,-120,246,-2
1136,2018-03-30,Portland Trail Blazers,Los Angeles Clippers,219.5,5.5,-240,190,201,9
1137,2018-03-31,Washington Wizards,Charlotte Bobcats,219.5,5,-250,200,200,14
1138,2018-03-31,New York Knicks,Detroit Pistons,211,3.5,160,-190,224,-6
1139,2018-03-31,Boston Celtics,Toronto Raptors,208,4,170,-200,209,11
1140,2018-03-31,Miami Heat,Brooklyn Nets,213,8,-420,320,219,-1
1141,2018-03-31,Sacramento Kings,Golden State Warriors,211.5,8.5,330,-430,208,-16
1142,2018-04-01,Charlotte Bobcats,Philadelphia 76ers,217.5,1,125,-145,221,-17
1143,2018-04-01,Chicago Bulls,Washington Wizards,210.5,8,260,-330,207,19
1144,2018-04-01,San Antonio Spurs,Houston Rockets,209,2.5,-115,-105,183,17
1145,2018-04-01,Los Angeles Clippers,Indiana Pacers,215.5,2.5,-160,140,215,-7
1146,2018-04-01,Cleveland Cavaliers,Dallas Mavericks,217.5,11,-800,550,185,11
1147,2018-04-01,New Orleans Pelicans,Oklahoma City Thunder,226,0,100,-120,213,-5
1148,2018-04-01,Atlanta Hawks,Orlando Magic,209,1.5,-130,110,182,6
1149,2018-04-01,Brooklyn Nets,Detroit Pistons,210,1,100,-120,204,-12
1150,2018-04-01,Minnesota Timberwolves,Utah Jazz,208.5,1,130,-150,218,-24
1151,2018-04-01,Denver Nuggets,Milwaukee Bucks,223.5,4,-220,180,253,3
1152,2018-04-01,Golden State Warriors,Phoenix Suns,216,15.5,-3000,1200,224,10
1153,2018-04-01,Portland Trail Blazers,Memphis Grizzlies,206.5,14.5,-3000,1200,211,15
1154,2018-04-01,Los Angeles Lakers,Sacramento Kings,210.5,7,-330,260,167,-1
1155,2018-04-03,Philadelphia 76ers,Brooklyn Nets,221,8.5,-450,350,216,26
1156,2018-04-03,Cleveland Cavaliers,Toronto Raptors,223.5,1,-130,110,218,6
1157,2018-04-03,Miami Heat,Atlanta Hawks,207,11,-1600,900,199,3
1158,2018-04-03,New York Knicks,Orlando Magic,212,1,-120,100,170,-24
1159,2018-04-03,Houston Rockets,Washington Wizards,212.5,8.5,-425,325,224,16
1160,2018-04-03,Milwaukee Bucks,Boston Celtics,206.5,2,-195,165,208,4
1161,2018-04-03,Oklahoma City Thunder,Golden State Warriors,221,2,-180,150,218,-4
1162,2018-04-03,Chicago Bulls,Charlotte Bobcats,215,5.5,190,-240,234,6
1163,2018-04-03,Dallas Mavericks,Portland Trail Blazers,207,9,260,-330,224,6
1164,2018-04-03,Denver Nuggets,Indiana Pacers,216.5,3,-200,170,211,3
1165,2018-04-03,Utah Jazz,Los Angeles Lakers,209,10.5,-900,600,227,7
1166,2018-04-03,Phoenix Suns,Sacramento Kings,210,1,125,-145,191,3
1167,2018-04-03,Los Angeles Clippers,San Antonio Spurs,210,0,115,-135,223,3
1168,2018-04-04,Toronto Raptors,Boston Celtics,206,7.5,-340,270,174,18
1169,2018-04-04,Detroit Pistons,Philadelphia 76ers,210,1.5,115,-135,223,-7
1170,2018-04-04,Orlando Magic,Dallas Mavericks,202.5,1.5,-125,105,205,5
1171,2018-04-04,Atlanta Hawks,Miami Heat,205,8,270,-340,201,-29
1172,2018-04-04,New Orleans Pelicans,Memphis Grizzlies,216.5,12,-1600,900,218,28
1173,2018-04-04,Los Angeles Lakers,San Antonio Spurs,207,6,230,-280,234,10
1174,2018-04-05,Indiana Pacers,Golden State Warriors,213.5,1.5,130,-150,232,20
1175,2018-04-05,Houston Rockets,Portland Trail Blazers,213.5,10,-900,600,190,2
1176,2018-04-05,Cleveland Cavaliers,Washington Wizards,219,4,-260,210,234,4
1177,2018-04-05,Milwaukee Bucks,Brooklyn Nets,220.5,7.5,-550,400,230,-8
1178,2018-04-05,Utah Jazz,Los Angeles Clippers,211,6.5,-340,270,212,22
1179,2018-04-05,Denver Nuggets,Minnesota Timberwolves,227.5,5.5,-190,160,196,4
1180,2018-04-06,Orlando Magic,Charlotte Bobcats,210.5,5.5,260,-330,237,-37
1181,2018-04-06,Detroit Pistons,Dallas Mavericks,202,8,-330,260,219,7
1182,2018-04-06,Washington Wizards,Atlanta Hawks,208,10.5,-850,575,200,-6
1183,2018-04-06,Philadelphia 76ers,Cleveland Cavaliers,222,3,-170,145,262,2
1184,2018-04-06,Boston Celtics,Chicago Bulls,200,11,-330,260,215,7
1185,2018-04-06,Toronto Raptors,Indiana Pacers,208.5,8,-350,275,165,19
1186,2018-04-06,New York Knicks,Miami Heat,209.5,9,300,-400,220,24
1187,2018-04-06,Memphis Grizzlies,Sacramento Kings,198,4,145,-170,187,-1
1188,2018-04-06,Phoenix Suns,New Orleans Pelicans,220,10.5,750,-1200,225,-19
1189,2018-04-06,Los Angeles Lakers,Minnesota Timberwolves,219,3,185,-230,209,-17
1190,2018-04-07,Los Angeles Clippers,Denver Nuggets,221.5,0,155,-180,249,-19
1191,2018-04-07,New York Knicks,Milwaukee Bucks,219,9.5,211,-255,217,-13
1192,2018-04-07,Chicago Bulls,Brooklyn Nets,215.5,5.5,180,-215,220,-28
1193,2018-04-07,Golden State Warriors,New Orleans Pelicans,224,7,-250,207,246,-6
1194,2018-04-07,Houston Rockets,Oklahoma City Thunder,219.5,7,-180,155,210,-6
1195,2018-04-07,San Antonio Spurs,Portland Trail Blazers,202.5,3.5,-220,184,221,11
1196,2018-04-08,Philadelphia 76ers,Dallas Mavericks,213,12,-1400,800,206,12
1197,2018-04-08,Charlotte Bobcats,Indiana Pacers,212.5,1,-120,100,240,-6
1198,2018-04-08,Boston Celtics,Atlanta Hawks,201,10.5,-550,400,218,-6
1199,2018-04-08,Memphis Grizzlies,Detroit Pistons,202,5.5,210,-260,247,13
1200,2018-04-08,Toronto Raptors,Orlando Magic,210.5,1,-700,500,213,11
1201,2018-04-08,Los Angeles Lakers,Utah Jazz,210,5,400,-550,209,-15
1202,2018-04-08,Phoenix Suns,Golden State Warriors,217,13.5,675,-1050,217,-17
1203,2018-04-09,Detroit Pistons,Toronto Raptors,207,3.5,220,-270,206,-10
1204,2018-04-09,New York Knicks,Cleveland Cavaliers,223.5,11.5,800,-1400,232,-14
1205,2018-04-09,Brooklyn Nets,Chicago Bulls,220.5,8.5,-280,230,219,9
1206,2018-04-09,Miami Heat,Oklahoma City Thunder,212.5,0,170,-200,208,-22
1207,2018-04-09,Minnesota Timberwolves,Memphis Grizzlies,212,15,-4000,1400,207,19
1208,2018-04-09,Milwaukee Bucks,Orlando Magic,210,10,-650,450,188,16
1209,2018-04-09,San Antonio Spurs,Sacramento Kings,198,13,-2000,1000,183,13
1210,2018-04-09,Denver Nuggets,Portland Trail Blazers,218,2,-190,160,170,6
1211,2018-04-09,Los Angeles Clippers,New Orleans Pelicans,227.5,4,375,-500,213,-13
1212,2018-04-10,Indiana Pacers,Charlotte Bobcats,216.5,6,-135,115,212,-26
1213,2018-04-10,Atlanta Hawks,Philadelphia 76ers,218,9.5,450,-650,234,-8
1214,2018-04-10,Washington Wizards,Boston Celtics,205.5,4.5,-350,275,214,12
1215,2018-04-10,Dallas Mavericks,Phoenix Suns,207.5,6.5,-140,120,221,-27
1216,2018-04-10,Utah Jazz,Golden State Warriors,211.5,5,-400,300,198,40
1217,2018-04-10,Los Angeles Lakers,Houston Rockets,219,8.5,300,-400,204,-6
1218,2018-04-11,Miami Heat,Toronto Raptors,199.5,7,-140,120,225,7
1219,2018-04-11,Cleveland Cavaliers,New York Knicks,218,15,-400,300,208,-12
1220,2018-04-11,Philadelphia 76ers,Milwaukee Bucks,215,5.5,-250,200,225,35
1221,2018-04-11,Minnesota Timberwolves,Denver Nuggets,217.5,1.5,-155,135,218,6
1222,2018-04-11,Oklahoma City Thunder,Memphis Grizzlies,208.5,17.5,-5000,1500,260,14
1223,2018-04-11,New Orleans Pelicans,San Antonio Spurs,211.5,2,-160,140,220,24
1224,2018-04-11,Orlando Magic,Washington Wizards,201,2.5,220,-270,193,9
1225,2018-04-11,Boston Celtics,Brooklyn Nets,207,5.5,165,-195,207,13
1226,2018-04-11,Chicago Bulls,Detroit Pistons,212.5,3,170,-200,206,-32
1227,2018-04-11,Portland Trail Blazers,Utah Jazz,201.5,4,-135,115,195,9
1228,2018-04-11,Sacramento Kings,Houston Rockets,204,6.5,-135,115,179,13
1229,2018-04-11,Los Angeles Clippers,Los Angeles Lakers,217,3.5,-145,125,215,-15
1230,2018-04-14,Golden State Warriors,San Antonio Spurs,210,8,-400,300,205,21
1231,2018-04-14,Toronto Raptors,Washington Wizards,211,7.5,-350,275,220,8
1232,2018-04-14,Philadelphia 76ers,Miami Heat,210,6.5,-250,200,233,27
1233,2018-04-14,Portland Trail Blazers,New Orleans Pelicans,216,6,-240,190,192,-2
1234,2018-04-15,Boston Celtics,Milwaukee Bucks,203,3.5,-163,143,220,6
1235,2018-04-15,Cleveland Cavaliers,Indiana Pacers,216.5,6.5,-370,296,178,-18
1236,2018-04-15,Oklahoma City Thunder,Utah Jazz,205,3.5,-175,151,224,8
1237,2018-04-15,Houston Rockets,Minnesota Timberwolves,217,10.5,-1300,797,205,3
1238,2018-04-16,Philadelphia 76ers,Miami Heat,215.5,7,-310,250,216,-10
1239,2018-04-16,Golden State Warriors,San Antonio Spurs,207,9.5,-650,450,217,15
1240,2018-04-17,Toronto Raptors,Washington Wizards,215,8,-310,250,249,11
1241,2018-04-17,Boston Celtics,Milwaukee Bucks,199,3,-110,-110,226,14
1242,2018-04-17,Portland Trail Blazers,New Orleans Pelicans,212.5,6,-280,230,213,-9
1243,2018-04-18,Cleveland Cavaliers,Indiana Pacers,208.5,7,-450,350,197,3
1244,2018-04-18,Oklahoma City Thunder,Utah Jazz,208,5,-170,145,197,-7
1245,2018-04-18,Houston Rockets,Minnesota Timberwolves,214,10,-850,575,184,20
1246,2018-04-19,Miami Heat,Philadelphia 76ers,216.5,1.5,120,-140,236,-20
1247,2018-04-19,New Orleans Pelicans,Portland Trail Blazers,216,3,-180,150,221,17
1248,2018-04-19,San Antonio Spurs,Golden State Warriors,207,2.5,145,-170,207,-13
1249,2018-04-20,Indiana Pacers,Cleveland Cavaliers,208.5,2,-125,105,182,2
1250,2018-04-20,Washington Wizards,Toronto Raptors,218,1,-115,-105,225,19
1251,2018-04-20,Milwaukee Bucks,Boston Celtics,202.5,6,-220,180,208,24
1252,2018-04-21,Miami Heat,Philadelphia 76ers,217,3,155,-180,208,-4
1253,2018-04-21,New Orleans Pelicans,Portland Trail Blazers,216,6,-270,222,254,8
1254,2018-04-21,Minnesota Timberwolves,Houston Rockets,213,3.5,199,-240,226,16
1255,2018-04-21,Utah Jazz,Oklahoma City Thunder,207,4.5,-220,184,217,13
1256,2018-04-22,Milwaukee Bucks,Boston Celtics,206.5,5,-250,200,206,2
1257,2018-04-22,San Antonio Spurs,Golden State Warriors,203.5,6,240,-300,193,13
1258,2018-04-22,Washington Wizards,Toronto Raptors,218.5,0,105,-125,204,8
1259,2018-04-22,Indiana Pacers,Cleveland Cavaliers,205.5,1.5,115,-135,204,-4
1260,2018-04-23,Minnesota Timberwolves,Houston Rockets,219,5,210,-260,219,-19
1261,2018-04-23,Utah Jazz,Oklahoma City Thunder,210.5,6,-200,170,209,17
1262,2018-04-24,Boston Celtics,Milwaukee Bucks,204,2.5,-195,165,179,5
1263,2018-04-24,Philadelphia 76ers,Miami Heat,211.5,10,-700,500,195,13
1264,2018-04-24,Golden State Warriors,San Antonio Spurs,204.5,11,-1000,650,190,8
1265,2018-04-25,Toronto Raptors,Washington Wizards,214,7,-330,260,206,10
1266,2018-04-25,Cleveland Cavaliers,Indiana Pacers,205,6.5,-330,260,193,3
1267,2018-04-25,Houston Rockets,Minnesota Timberwolves,219,11,-1400,800,226,18
1268,2018-04-25,Oklahoma City Thunder,Utah Jazz,208,3,-145,125,206,8
1269,2018-04-26,Milwaukee Bucks,Boston Celtics,200,5,-200,170,183,11
1270,2018-04-27,Washington Wizards,Toronto Raptors,215,1,120,-140,194,-10
1271,2018-04-27,Indiana Pacers,Cleveland Cavaliers,204,1.5,-130,110,208,34
1272,2018-04-27,Utah Jazz,Oklahoma City Thunder,206,5.5,-280,230,187,5
1273,2018-04-28,Golden State Warriors,New Orleans Pelicans,224,8,-320,255,224,22
1274,2018-04-28,Boston Celtics,Milwaukee Bucks,197,4.5,-220,180,208,16
1275,2018-04-29,Houston Rockets,Utah Jazz,205,10,-1100,711,206,14
1276,2018-04-29,Cleveland Cavaliers,Indiana Pacers,200,5.5,-255,211,206,4
1277,2018-04-30,Boston Celtics,Philadelphia 76ers,210,0,180,-220,218,16
1278,2018-05-01,Toronto Raptors,Cleveland Cavaliers,218,5.5,-275,225,225,-1
1279,2018-05-01,Golden State Warriors,New Orleans Pelicans,226.5,10,-900,600,237,5
1280,2018-05-02,Houston Rockets,Utah Jazz,206,11.5,-1100,700,224,-8
1281,2018-05-03,Boston Celtics,Philadelphia 76ers,207,3.5,150,-180,211,5
1282,2018-05-03,Toronto Raptors,Cleveland Cavaliers,212.5,6,-300,240,238,-18
1283,2018-05-04,New Orleans Pelicans,Golden State Warriors,230.5,4.5,180,-220,219,19
1284,2018-05-04,Utah Jazz,Houston Rockets,207,3.5,170,-200,205,-21
1285,2018-05-05,Philadelphia 76ers,Boston Celtics,208,10,-550,400,199,-3
1286,2018-05-05,Cleveland Cavaliers,Toronto Raptors,217,3.5,-200,170,208,2
1287,2018-05-06,New Orleans Pelicans,Golden State Warriors,222,4.5,200,-250,210,-26
1288,2018-05-06,Utah Jazz,Houston Rockets,208.5,5,235,-290,187,-13
1289,2018-05-07,Philadelphia 76ers,Boston Celtics,204.5,6,-330,260,195,11
1290,2018-05-07,Cleveland Cavaliers,Toronto Raptors,213,5.5,-220,180,221,35
1291,2018-05-08,Houston Rockets,Utah Jazz,209.5,12,-1100,700,214,10
1292,2018-05-08,Golden State Warriors,New Orleans Pelicans,229,12,-1000,650,217,9
1293,2018-05-09,Boston Celtics,Philadelphia 76ers,205,0,-125,105,226,2
1294,2018-05-13,Boston Celtics,Cleveland Cavaliers,203,1.5,100,-120,191,25
1295,2018-05-14,Houston Rockets,Golden State Warriors,225,1.5,-130,110,225,-13
1296,2018-05-15,Boston Celtics,Cleveland Cavaliers,202.5,0,-110,-110,201,13
1297,2018-05-16,Houston Rockets,Golden State Warriors,224.5,2,-130,110,232,22
1298,2018-05-19,Cleveland Cavaliers,Boston Celtics,204.5,5.5,-330,260,202,30
1299,2018-05-20,Golden State Warriors,Houston Rockets,226.5,7.5,-355,285,211,41
1300,2018-05-21,Cleveland Cavaliers,Boston Celtics,206.5,7,-315,256,213,9
1301,2018-05-22,Golden State Warriors,Houston Rockets,224,8.5,-440,344,187,-3
1302,2018-05-23,Boston Celtics,Cleveland Cavaliers,206,1.5,-130,110,179,13
1303,2018-05-24,Houston Rockets,Golden State Warriors,219,1,-105,-115,192,4
1304,2018-05-25,Cleveland Cavaliers,Boston Celtics,201.5,7,-310,252,208,10
1305,2018-05-26,Golden State Warriors,Houston Rockets,213.5,10.5,-1200,755,201,29
1306,2018-05-27,Boston Celtics,Cleveland Cavaliers,201.5,2.5,-160,140,166,-8
1307,2018-05-28,Houston Rockets,Golden State Warriors,210,4,218,-265,193,-9
1308,2018-05-31,Golden State Warriors,Cleveland Cavaliers,215.5,11.5,-1000,664,238,10
1309,2018-06-03,Golden State Warriors,Cleveland Cavaliers,216,12.5,-600,447,225,19
1310,2018-06-06,Cleveland Cavaliers,Golden State Warriors,217.5,5,130,-150,212,-8
1311,2018-06-08,Cleveland Cavaliers,Golden State Warriors,216,5.5,155,-180,193,-23